Borough,Admin District,Geographical District,PE Works Cohort,DBN,School Level ,Student Enrollment,Full Time Licensed PE Teachers*,F Status PE Teachers*,Itinerant PE Teachers*,Sum of F Status and Itinerant,Total Part Time and Full Time Licensed PE Teachers*,Shared Licensed PE Teachers with Another School*,Ratio of Full Time Licensed PE Teachers to Students*
Manhattan,1,1,2,01M015,Elementary,143,1,,,,1,,1:143
Manhattan,1,1,2,01M019,Elementary,237,1,,,,1,,1:237
Manhattan,1,1,2,01M020,Elementary,500,1,,,,1,,1:500
Manhattan,1,1,2,01M034,K-8,363,1,,,,1,,1:363
Manhattan,1,1,2,01M063,Elementary,180,1,,,,1,,1:180
Manhattan,1,1,2,01M064,Elementary,216,1,,,,1,,1:216
Manhattan,1,1,2,01M110,Elementary,352,,,,,0,,0
Manhattan,1,1,2,01M134,Elementary,231,1,,,,1,,1:231
Manhattan,1,1,2,01M137,Elementary,131,,,,,0,,0
Manhattan,1,1,2,01M140,K-8,344,1,,,,1,,1:344
Manhattan,1,1,2,01M142,Elementary,316,,,,,0,,0
Manhattan,1,1,2,01M184,K-8,615,2,,,,2,,1:308
Manhattan,1,1,2,01M188,K-8,403,1,,,,1,,1:403
Manhattan,1,1,2,01M292,Secondary School,151,3,,,,3,,1:50
Manhattan,1,1,2,01M301,Junior High-Intermediate-Middle,147,1,,,,1,,1:147
Manhattan,1,1,2,01M315,Elementary,260,,,,,0,,0
Manhattan,1,1,2,01M332,Junior High-Intermediate-Middle,104,,,,,0,,0
Manhattan,1,1,2,01M345,Junior High-Intermediate-Middle,98,1,,,,1,,1:98
Manhattan,1,1,2,01M361,Elementary,223,,,,,0,,0
Manhattan,1,1,2,01M363,Elementary,282,1,,,,1,,1:282
Manhattan,1,1,2,01M364,Elementary,291,,,,,0,,0
Manhattan,1,1,2,01M378,Junior High-Intermediate-Middle,252,1,,,,1,,1:252
Manhattan,1,1,2,01M448,High School,315,1,,,,1,,1:315
Manhattan,1,1,2,01M450,Secondary School,664,,,,,0,,0
Manhattan,1,1,2,01M458,High School,176,,1,,1,1,,0
Manhattan,1,1,2,01M509,High School,252,2,,,,2,,1:126
Manhattan,1,1,2,01M515,High School,429,1,,,,1,,1:429
Manhattan,1,1,2,01M539,K-12 All Grades,1736,6,,,,6,,1:289
Manhattan,1,1,2,01M650,High School,160,1,,,,1,,1:160
Manhattan,1,1,2,01M696,High School,532,3,,,,3,,1:177
Manhattan,1,1,2,01M839,Junior High-Intermediate-Middle,364,1,,,,1,,1:364
Manhattan,2,2,3,02M001,Elementary,354,1,,,,1,,1:354
Manhattan,2,2,3,02M002,Elementary,615,,,,,0,,0
Manhattan,2,2,3,02M003,Elementary,715,,,,,0,,0
Manhattan,2,2,3,02M006,Elementary,685,1,,,,1,,1:685
Manhattan,2,2,3,02M011,Elementary,887,2,,,,2,,1:444
Manhattan,2,2,3,02M033,Elementary,581,1,,,,1,,1:581
Manhattan,2,2,3,02M040,Elementary,581,,,,,0,,0
Manhattan,2,2,3,02M041,Elementary,674,1,,,,1,,1:674
Manhattan,2,2,3,02M042,Elementary,671,,,,,0,,0
Manhattan,2,2,3,02M047,High School,178,1,,,,1,,1:178
Manhattan,2,2,3,02M051,Elementary,303,,1,,1,1,,0
Manhattan,2,2,3,02M059,Elementary,555,,,,,0,,0
Manhattan,2,2,3,02M077,Elementary,344,,,,,0,,0
Manhattan,2,2,3,02M089,Elementary,377,,,1,1,1,Yes,0
Manhattan,2,2,3,02M104,Junior High-Intermediate-Middle,1089,3,1,,1,4,,1:363
Manhattan,2,2,3,02M111,Elementary,331,2,,,,2,,1:166
Manhattan,2,2,3,02M114,Junior High-Intermediate-Middle,438,1,,,,1,,1:438
Manhattan,2,2,3,02M116,Elementary,558,1,,,,1,,1:558
Manhattan,2,2,3,02M124,Elementary,729,,,,,0,,0
Manhattan,2,2,3,02M126,K-8,714,1,,,,1,,1:714
Manhattan,2,2,3,02M130,Elementary,942,,,,,0,,0
Manhattan,2,2,3,02M131,Junior High-Intermediate-Middle,402,1,,,,1,,1:402
Manhattan,2,2,3,02M135,High School,236,1,1,,1,2,,1:236
Manhattan,2,2,3,02M139,High School,269,1,,,,1,Yes,1:269
Manhattan,2,2,3,02M150,Elementary,161,,,,,0,,0
Manhattan,2,2,3,02M151,Elementary,526,1,,,,1,,1:526
Manhattan,2,2,3,02M158,Elementary,674,1,,,,1,,1:674
Manhattan,2,2,3,02M167,Junior High-Intermediate-Middle,1316,2,,,,2,,1:658
Manhattan,2,2,3,02M177,Junior High-Intermediate-Middle,132,1,,,,1,,1:132
Manhattan,2,2,3,02M183,Elementary,536,,,,,0,,0
Manhattan,2,2,3,02M198,Elementary,431,1,,,,1,,1:431
Manhattan,2,2,3,02M212,Elementary,339,1,,,,1,,1:339
Manhattan,2,2,3,02M217,K-8,508,1,,,,1,,1:508
Manhattan,2,2,3,02M225,K-8,277,,,,,0,,0
Manhattan,2,2,3,02M234,Elementary,691,,,,,0,,0
Manhattan,2,2,3,02M255,Junior High-Intermediate-Middle,374,1,,,,1,,1:374
Manhattan,2,2,3,02M260,Secondary School,370,1,,,,1,,1:370
Manhattan,2,2,3,02M267,Elementary,332,1,,,,1,,1:332
Manhattan,2,2,3,02M276,K-8,855,2,,,,2,,1:855
Manhattan,2,2,3,02M280,High School,180,,1,,1,1,,0
Manhattan,2,2,3,02M281,Elementary,109,,,,,0,,0
Manhattan,2,2,3,02M282,High School,191,1,,,,1,,1:191
Manhattan,2,2,3,02M288,High School,390,1,,,,1,,1:390
Manhattan,2,2,3,02M289,Junior High-Intermediate-Middle,287,,,1,1,1,Yes,0
Manhattan,2,2,3,02M290,Elementary,610,,,,,0,,0
Manhattan,2,2,3,02M294,High School,326,1,,,,1,,1:326
Manhattan,2,2,3,02M296,High School,373,2,,,,2,,1:187
Manhattan,2,2,3,02M298,High School,464,1,,,,1,,1:464
Manhattan,2,2,3,02M300,High School,365,1,,,,1,,1:365
Manhattan,2,2,3,02M303,High School,371,1,,,,1,,1:371
Manhattan,2,2,3,02M305,High School,301,2,,,,2,,1:151
Manhattan,2,2,3,02M308,High School,329,1,,,,1,,1:329
Manhattan,2,2,3,02M312,Junior High-Intermediate-Middle,546,2,,,,2,,1:273
Manhattan,2,2,3,02M313,High School,189,1,,,,1,,1:189
Manhattan,2,2,3,02M316,High School,318,,,,,0,,0
Manhattan,2,2,3,02M340,Elementary,83,,,,,0,,0
Manhattan,2,2,3,02M343,Elementary,231,1,,,,1,,1:231
Manhattan,2,2,3,02M347,K-8,124,,,,,0,,0
Manhattan,2,2,3,02M374,High School,501,3,,,,3,,1:167
Manhattan,2,2,3,02M376,High School,449,1,,,,1,,1:449
Manhattan,2,2,3,02M392,High School,403,2,,,,2,,1:202
Manhattan,2,2,3,02M393,High School,424,2,,,,2,Yes,1:212
Manhattan,2,2,3,02M394,High School,209,1,,,,1,,1:209
Manhattan,2,2,3,02M397,K-8,394,1,,,,1,,1:394
Manhattan,2,2,3,02M399,High School,425,3,,,,3,,1:142
Manhattan,2,2,3,02M400,High School,1198,5,,,,5,,1:240
Manhattan,2,2,3,02M407,Secondary School,479,1,,,,1,,1:479
Manhattan,2,2,3,02M408,Secondary School,532,,,,,0,,0
Manhattan,2,2,3,02M411,High School,445,1,,,,1,,1:445
Manhattan,2,2,3,02M412,High School,523,1,,,,1,,1:523
Manhattan,2,2,3,02M413,Secondary School,726,2,,,,2,,1:363
Manhattan,2,2,3,02M414,High School,443,1,,,,1,,1:443
Manhattan,2,2,3,02M416,High School,550,3,,,,3,,1:183
Manhattan,2,2,3,02M418,High School,633,2,,,,2,,1:317
Manhattan,2,2,3,02M419,High School,335,1,,,,1,,1:335
Manhattan,2,2,3,02M420,High School,1634,5,,,,5,,1:327
Manhattan,2,2,3,02M422,Secondary School,641,3,,,,3,,1:214
Manhattan,2,2,3,02M425,High School,611,1,,,,1,,1:611
Manhattan,2,2,3,02M427,High School,257,2,,,,2,,1:129
Manhattan,2,2,3,02M432,High School,266,1,,,,1,,1:266
Manhattan,2,2,3,02M437,High School,476,2,,,,2,,1:238
Manhattan,2,2,3,02M438,High School,306,3,,,,3,,1:102
Manhattan,2,2,3,02M439,High School,431,2,,,,2,,1:216
Manhattan,2,2,3,02M442,K-8,149,,,,,0,,0
Manhattan,2,2,3,02M449,High School,428,,,,,0,,0
Manhattan,2,2,3,02M459,High School,321,1,,,,1,,1:321
Manhattan,2,2,3,02M475,High School,3307,10,,,,10,,1:331
Manhattan,2,2,3,02M489,High School,705,2,,,,2,,1:353
Manhattan,2,2,3,02M500,High School,268,1,,,,1,,1:268
Manhattan,2,2,3,02M507,High School,456,2,,,,2,Yes,1:228
Manhattan,2,2,3,02M519,High School,495,1,,,,1,,1:495
Manhattan,2,2,3,02M520,High School,492,3,,,,3,,1:164
Manhattan,2,2,3,02M527,Elementary,221,,,,,0,,0
Manhattan,2,2,3,02M529,High School,603,2,,,,2,,1:302
Manhattan,2,2,3,02M531,High School,243,,,,,0,,0
Manhattan,2,2,3,02M533,High School,405,2,,,,2,,1:203
Manhattan,2,2,3,02M534,High School,436,1,,,,1,,1:436
Manhattan,2,2,3,02M542,High School,496,1,,,,1,,1:496
Manhattan,2,2,3,02M543,High School,388,1,1,,1,2,,1:388
Manhattan,2,2,3,02M544,High School,217,,,,,0,,0
Manhattan,2,2,3,02M545,High School,413,1,,,,1,,1:413
Manhattan,2,2,3,02M546,High School,445,2,,,,2,,1:223
Manhattan,2,2,3,02M550,High School,365,1,,,,1,,1:365
Manhattan,2,2,3,02M551,High School,398,2,,,,2,,1:199
Manhattan,2,2,3,02M560,High School,432,,,,,0,,0
Manhattan,2,2,3,02M565,High School,142,,,,,0,,0
Manhattan,2,2,3,02M570,High School,195,1,,,,1,,0
Manhattan,2,2,3,02M575,High School,508,3,,,,3,,1:169
Manhattan,2,2,3,02M580,High School,484,3,,,,3,,1:161
Manhattan,2,2,3,02M586,High School,37,1,,,,1,,1:37
Manhattan,2,2,3,02M600,High School,1734,5,,,,5,,1:347
Manhattan,2,2,3,02M605,High School,194,,,,,0,,0
Manhattan,2,2,3,02M615,High School,415,1,,,,1,,1:415
Manhattan,2,2,3,02M625,High School,94,,,,,0,,0
Manhattan,2,2,3,02M630,High School,1404,5,,,,5,,1:281
Manhattan,2,2,3,02M655,Secondary School,553,3,,,,3,,1:184
Manhattan,2,2,3,02M896,Junior High-Intermediate-Middle,383,1,,,,1,,1:383
Manhattan,2,2,3,02M933,Junior High-Intermediate-Middle,151,1,,,,1,,1:151
Manhattan,3,3,2,03M009,Elementary,581,,,,,0,,0
Manhattan,3,3,2,03M054,Junior High-Intermediate-Middle,836,1,,,,1,,1:836
Manhattan,3,3,2,03M075,Elementary,549,1,,,,1,,1:549
Manhattan,3,3,2,03M076,K-8,433,,,,,0,,0
Manhattan,3,3,2,03M084,Elementary,499,,,,,0,,0
Manhattan,3,3,2,03M087,Elementary,823,,,,,0,,0
Manhattan,3,3,2,03M145,Elementary,299,1,,,,1,,1:299
Manhattan,3,3,2,03M149,K-8,236,1,,,,1,,1:236
Manhattan,3,3,2,03M163,Elementary,540,,,,,0,,0
Manhattan,3,3,2,03M165,K-8,708,2,,,,2,,1:354
Manhattan,3,3,2,03M166,Elementary,591,1,,,,1,,1:591
Manhattan,3,3,2,03M180,K-8,512,2,,,,2,,1:256
Manhattan,3,3,2,03M185,Early Childhood,168,,,,,0,,0
Manhattan,3,3,2,03M191,K-8,349,1,,,,1,,1:349
Manhattan,3,3,2,03M199,Elementary,883,,,,,0,,0
Manhattan,3,3,2,03M208,Elementary,131,,,,,0,,0
Manhattan,3,3,2,03M241,Elementary,108,,,,,0,,0
Manhattan,3,3,2,03M242,Elementary,188,1,,,,1,,1:188
Manhattan,3,3,2,03M243,Junior High-Intermediate-Middle,229,,,,,0,,0
Manhattan,3,3,2,03M245,Junior High-Intermediate-Middle,398,,,,,0,,0
Manhattan,3,3,2,03M247,Junior High-Intermediate-Middle,194,,,,,0,,0
Manhattan,3,3,2,03M250,Junior High-Intermediate-Middle,174,,,,,0,,0
Manhattan,3,3,2,03M256,Junior High-Intermediate-Middle,128,1,,,,1,,1:128
Manhattan,3,3,2,03M258,Junior High-Intermediate-Middle,226,1,,,,1,,1:226
Manhattan,3,3,2,03M291,Secondary School,136,,,,,0,,0
Manhattan,3,3,2,03M299,High School,395,2,,,,2,,1:198
Manhattan,3,3,2,03M307,High School,372,1,,,,1,,1:372
Manhattan,3,3,2,03M333,K-8,724,1,,,,1,,1:724
Manhattan,3,3,2,03M334,K-8,556,1,1,,1,2,,1:556
Manhattan,3,3,2,03M402,High School,306,1,,,,1,,1:306
Manhattan,3,3,2,03M403,High School,409,2,,,,2,,1:205
Manhattan,3,3,2,03M404,High School,130,1,,,,1,,1:130
Manhattan,3,3,2,03M415,Secondary School,331,2,,,,2,,1:166
Manhattan,3,3,2,03M417,High School,365,3,,,,3,,1:122
Manhattan,3,3,2,03M421,Junior High-Intermediate-Middle,178,,,,,0,,0
Manhattan,3,3,2,03M452,Elementary,316,1,,,,1,,1:316
Manhattan,3,2,2,03M479,High School,1294,2,,,,2,,1:647
Manhattan,3,3,2,03M485,High School,2674,6,1,,1,7,,1:446
Manhattan,3,3,2,03M492,High School,458,4,,,,4,,1:115
Manhattan,3,3,2,03M494,High School,509,3,,,,3,,1:170
Manhattan,3,3,2,03M505,High School,345,2,,,,2,,1:173
Manhattan,3,3,2,03M541,High School,437,1,1,,1,2,,1:437
Manhattan,3,3,2,03M859,K-12 All Grades,270,,1,,1,1,,0
Manhattan,3,3,2,03M860,Secondary School,354,2,,,,2,,1:177
Manhattan,3,3,2,03M862,Junior High-Intermediate-Middle,342,,,,,0,,0
Manhattan,4,4,1,04M007,K-8,318,1,,,,1,,1:318
Manhattan,4,4,1,04M012,K-8,555,1,,,,1,,1:555
Manhattan,4,4,1,04M037,Elementary,186,,,,,0,,0
Manhattan,4,4,1,04M038,Elementary,204,,,,,0,,0
Manhattan,4,4,1,04M050,K-8,254,1,,,,1,,1:254
Manhattan,4,4,1,04M057,K-8,787,,,,,0,,0
Manhattan,4,4,1,04M072,K-8,570,1,,,,1,,1:570
Manhattan,4,4,1,04M083,Elementary,402,,,,,0,,0
Manhattan,4,4,1,04M096,K-8,421,1,,,,1,,1:421
Manhattan,4,4,1,04M102,Elementary,257,1,,,,1,,1:257
Manhattan,4,4,1,04M108,K-8,543,1,,,,1,,1:543
Manhattan,4,4,1,04M112,Early Childhood,293,,,,,0,,0
Manhattan,4,4,1,04M146,Elementary,311,1,,,,1,,1:311
Manhattan,4,4,1,04M155,Elementary,305,,,,,0,,0
Manhattan,4,4,1,04M171,K-8,690,1,,,,1,,1:690
Manhattan,4,4,1,04M182,Elementary,343,,,,,0,,0
Manhattan,4,4,1,04M206,K-8,464,1,,,,1,,1:464
Manhattan,4,4,1,04M224,Junior High-Intermediate-Middle,159,,,,,0,,0
Manhattan,4,4,1,04M372,Secondary School,539,2,,,,2,,1:270
Manhattan,4,4,1,04M375,Elementary,246,1,,,,1,,1:246
Manhattan,4,4,1,04M377,Junior High-Intermediate-Middle,157,,,,,0,,0
Manhattan,4,4,1,04M381,Junior High-Intermediate-Middle,102,,,,,0,,0
Manhattan,4,4,1,04M406,Junior High-Intermediate-Middle,151,1,,,,1,,1:151
Manhattan,4,4,1,04M409,High School,203,1,,,,1,,1:203
Manhattan,4,4,1,04M435,High School,1579,6,,,,6,,1:263
Manhattan,4,4,1,04M495,High School,394,,,,,0,,0
Manhattan,4,4,1,04M497,Elementary,177,,,,,0,,0
Manhattan,4,4,1,04M555,High School,461,1,,,,1,,1:461
Manhattan,4,4,1,04M610,Secondary School,485,1,,,,1,,1:485
Manhattan,4,4,1,04M680,High School,298,1,,,,1,,1:298
Manhattan,4,4,1,04M825,Junior High-Intermediate-Middle,225,1,,,,1,,1:225
Manhattan,4,4,1,04M964,K-8,318,1,,,,1,,1:318
Manhattan,5,5,2,05M030,Elementary,246,2,,,,2,,1:246
Manhattan,5,5,2,05M036,Elementary,383,,,,,0,,0
Manhattan,5,5,2,05M046,K-8,670,,,,,0,,0
Manhattan,5,5,2,05M092,Elementary,245,,,,,0,,0
Manhattan,5,5,2,05M123,K-8,456,1,,,,1,,1:456
Manhattan,5,5,2,05M125,Elementary,174,,,,,0,,0
Manhattan,5,5,2,05M129,K-8,401,1,,,,1,,1:401
Manhattan,5,5,2,05M133,Elementary,173,,,,,0,,0
Manhattan,5,5,2,05M148,Secondary School,188,1,,,,1,Yes,1:188
Manhattan,5,5,2,05M154,Elementary,262,,,,,0,,0
Manhattan,5,5,2,05M157,High School,186,1,,,,1,,1:186
Manhattan,5,5,2,05M161,K-8,852,2,,,,2,,1:426
Manhattan,5,5,2,05M175,Elementary,307,,,,,0,,0
Manhattan,5,5,2,05M194,Elementary,161,1,,,,1,,1:161
Manhattan,5,5,2,05M197,Elementary,264,2,,,,2,,1:264
Manhattan,5,5,2,05M200,Elementary,386,1,,,,1,,1:193
Manhattan,5,5,2,05M285,High School,162,1,,,,1,,1:162
Manhattan,5,5,2,05M286,Junior High-Intermediate-Middle,145,,,,,0,,0
Manhattan,5,5,2,05M302,Junior High-Intermediate-Middle,144,,,,,0,,0
Manhattan,5,5,2,05M304,High School,367,1,,,,1,,0
Manhattan,5,5,2,05M318,Elementary,217,,,,,0,,0
Manhattan,5,5,2,05M362,Secondary School,657,2,,,,2,,1:329
Manhattan,5,5,2,05M367,High School,151,1,,,,1,,1:151
Manhattan,5,5,2,05M369,High School,311,1,,,,1,,0
Manhattan,5,5,2,05M410,Junior High-Intermediate-Middle,103,1,,,,1,,1:103
Manhattan,5,5,2,05M469,Secondary School,31,1,,,,1,,1:31
Manhattan,5,5,2,05M499,Secondary School,1325,3,,,,3,,1:442
Manhattan,5,5,2,05M514,Junior High-Intermediate-Middle,202,1,,,,1,,1:202
Manhattan,5,5,2,05M517,Elementary,246,1,,,,1,,1:246
Manhattan,5,5,2,05M670,Secondary School,533,2,,,,2,,1:267
Manhattan,5,5,2,05M685,High School,21,,,,,0,Yes,0
Manhattan,5,5,2,05M692,High School,469,2,,,,2,,1:235
Manhattan,6,6,3,06M004,Elementary,606,1,,,,1,,1:606
Manhattan,6,6,3,06M005,Elementary,564,,,,,0,,0
Manhattan,6,6,3,06M008,Elementary,496,2,,,,2,,1:248
Manhattan,6,6,3,06M018,K-8,366,1,,,,1,,1:366
Manhattan,6,6,3,06M028,Elementary,634,,,,,0,,0
Manhattan,6,6,3,06M048,Elementary,540,,,,,0,,0
Manhattan,6,6,3,06M052,Junior High-Intermediate-Middle,402,2,,,,2,,1:201
Manhattan,6,6,3,06M098,Elementary,490,,,,,0,,0
Manhattan,6,6,3,06M103,Elementary,197,,,,,0,,0
Manhattan,6,6,3,06M115,Elementary,492,1,,,,1,,1:492
Manhattan,6,6,3,06M128,Elementary,527,1,,,,1,,1:527
Manhattan,6,6,3,06M132,Elementary,418,,,,,0,,0
Manhattan,6,6,3,06M143,Junior High-Intermediate-Middle,342,1,,,,1,,1:342
Manhattan,6,6,3,06M152,Elementary,555,,,,,0,,0
Manhattan,6,6,3,06M153,Elementary,650,,,,,0,,0
Manhattan,6,6,3,06M173,Elementary,503,1,,,,1,,1:503
Manhattan,6,6,3,06M178,Elementary,298,1,,,,1,,1:298
Manhattan,6,6,3,06M187,K-8,782,1,,,,1,,1:782
Manhattan,6,6,3,06M189,Elementary,917,1,,,,1,,1:917
Manhattan,6,6,3,06M192,Elementary,252,1,,,,1,,1:252
Manhattan,6,6,3,06M209,Junior High-Intermediate-Middle,159,1,,,,1,,1:159
Manhattan,6,6,3,06M210,K-8,412,1,,,,1,,1:412
Manhattan,6,6,3,06M211,High School,190,,1,,1,1,,0
Manhattan,6,6,3,06M218,Junior High-Intermediate-Middle,221,2,,,,2,,1:111
Manhattan,6,6,3,06M223,Junior High-Intermediate-Middle,269,1,,,,1,,1:269
Manhattan,6,6,3,06M278,K-8,525,1,,,,1,,1:525
Manhattan,6,6,3,06M293,Secondary School,598,2,,,,2,,1:299
Manhattan,6,6,3,06M311,K-8,421,2,,,,2,,1:211
Manhattan,6,6,3,06M314,Elementary,266,,,,,0,,0
Manhattan,6,6,3,06M319,Junior High-Intermediate-Middle,517,1,,,,1,,1:517
Manhattan,6,6,3,06M322,Junior High-Intermediate-Middle,300,2,,,,2,,1:150
Manhattan,6,6,3,06M324,Junior High-Intermediate-Middle,430,1,,,,1,,1:430
Manhattan,6,6,3,06M325,Elementary,214,,,,,0,,0
Manhattan,6,6,3,06M326,Junior High-Intermediate-Middle,158,1,,,,1,,1:158
Manhattan,6,6,3,06M328,Junior High-Intermediate-Middle,144,,,,,0,,0
Manhattan,6,6,3,06M346,Secondary School,614,4,,,,4,,1:154
Manhattan,6,6,3,06M348,K-12 All Grades,694,,,,,0,,0
Manhattan,6,6,3,06M349,Junior High-Intermediate-Middle,126,,,,,0,,0
Manhattan,6,6,3,06M366,K-8,451,,,,,0,,0
Manhattan,6,6,3,06M368,Elementary,207,,,,,0,,0
Manhattan,6,6,3,06M423,High School,197,2,,,,2,,1:99
Manhattan,6,6,3,06M462,High School,437,2,,,,2,,1:437
Manhattan,6,6,3,06M463,High School,365,2,,,,2,,1:183
Manhattan,6,6,3,06M467,High School,552,3,,,,3,,1:184
Manhattan,6,6,3,06M468,High School,461,2,1,,1,3,,1:231
Manhattan,6,6,3,06M513,Elementary,169,,,,,0,,0
Manhattan,6,6,3,06M528,Junior High-Intermediate-Middle,196,,,,,0,,0
Manhattan,6,6,3,06M540,High School,1330,5,,,,5,,1:266
Manhattan,6,6,3,06M552,High School,458,2,,,,2,,1:229
Queens,30,30,2,30Q300,K-8,230,,,,,0,,0
Bronx,7,7,2,07X001,Elementary,624,2,,,,2,,1:624
Bronx,7,7,2,07X005,K-8,685,1,,,,1,,1:685
Bronx,7,7,2,07X018,Elementary,557,1,,,,1,,1:557
Bronx,7,7,2,07X025,Elementary,455,,,,,0,,0
Bronx,7,7,2,07X029,K-8,698,1,,,,1,,1:698
Bronx,7,7,2,07X030,Elementary,498,1,,,,1,,1:498
Bronx,7,7,2,07X031,K-8,633,,,,,0,,0
Bronx,7,7,2,07X043,Elementary,425,,,,,0,,0
Bronx,7,7,2,07X049,Elementary,593,1,,,,1,,1:593
Bronx,7,7,2,07X065,Elementary,360,1,,,,1,,1:360
Bronx,7,7,2,07X151,Junior High-Intermediate-Middle,233,1,,,,1,,1:233
Bronx,7,7,2,07X154,Elementary,345,1,,,,1,,1:345
Bronx,7,7,2,07X157,Elementary,578,,,,,0,,0
Bronx,7,7,2,07X161,Elementary,459,,,,,0,,0
Bronx,7,7,2,07X162,Junior High-Intermediate-Middle,341,1,,,,1,,1:341
Bronx,7,7,2,07X179,Elementary,318,,,,,0,,0
Bronx,7,7,2,07X221,Secondary School,635,2,,,,2,,1:318
Bronx,7,7,2,07X223,Secondary School,587,2,,,,2,,1:294
Bronx,7,7,2,07X224,Junior High-Intermediate-Middle,354,,,1,1,1,Yes,0
Bronx,7,7,2,07X259,High School,319,2,,,,2,,1:160
Bronx,7,7,2,07X277,Elementary,398,,,,,0,,0
Bronx,7,7,2,07X296,Junior High-Intermediate-Middle,318,1,,,,1,,1:318
Bronx,7,7,2,07X298,Junior High-Intermediate-Middle,298,1,,,,1,,1:298
Bronx,7,7,2,07X321,High School,126,1,,,,1,,1:126
Bronx,7,7,2,07X334,High School,392,1,,,,1,,1:392
Bronx,7,7,2,07X343,Junior High-Intermediate-Middle,293,,,1,1,1,Yes,0
Bronx,7,7,2,07X359,Elementary,252,1,,,,1,,1:252
Bronx,7,7,2,07X369,Elementary,224,,,,,0,,0
Bronx,7,7,2,07X379,High School,141,1,,,,1,,1:141
Bronx,7,7,2,07X381,High School,142,1,,,,1,,1:142
Bronx,7,7,2,07X385,Elementary,59,,,,,0,,0
Bronx,7,7,2,07X427,High School,282,1,,,,1,,1:282
Bronx,7,7,2,07X473,High School,296,1,,,,1,,1:148
Bronx,7,7,2,07X495,High School,466,1,,,,1,,1:466
Bronx,7,7,2,07X500,Secondary School,503,1,,,,1,,1:503
Bronx,7,7,2,07X520,High School,87,,1,,1,1,,0
Bronx,7,7,2,07X522,High School,524,2,,,,2,,1:262
Bronx,7,7,2,07X527,High School,449,2,,,,2,,1:225
Bronx,7,7,2,07X547,High School,360,1,,,,1,,1:180
Bronx,7,7,2,07X548,High School,525,3,,,,3,,1:175
Bronx,7,7,2,07X551,Secondary School,567,3,,,,3,,1:189
Bronx,7,7,2,07X557,High School,163,2,,,,2,,1:82
Bronx,7,7,2,07X600,High School,386,2,,,,2,,1:193
Bronx,7,7,2,07X670,High School,484,3,,,,3,,1:161
Bronx,8,8,1,08X014,Elementary,588,1,,,,1,,1:588
Bronx,8,8,1,08X036,Elementary,686,1,,,,1,,1:686
Bronx,8,8,1,08X048,Elementary,695,1,,,,1,,1:695
Bronx,8,8,1,08X062,Elementary,678,1,,,,1,,1:678
Bronx,8,8,1,08X069,Elementary,544,1,,,,1,,1:544
Bronx,8,8,1,08X071,K-8,1648,5,,,,5,,1:330
Bronx,8,8,1,08X072,Elementary,758,,,,,0,,0
Bronx,8,8,1,08X075,Elementary,577,,,,,0,,0
Bronx,8,8,1,08X093,Elementary,310,1,,,,1,,1:310
Bronx,8,8,1,08X100,Elementary,551,,,,,0,,0
Bronx,8,8,1,08X101,Junior High-Intermediate-Middle,485,2,,,,2,,1:243
Bronx,8,8,1,08X107,Elementary,484,,,,,0,,0
Bronx,8,8,1,08X119,Elementary,891,,,,,0,,0
Bronx,8,8,1,08X123,Junior High-Intermediate-Middle,319,2,,,,2,,1:160
Bronx,8,8,1,08X125,Junior High-Intermediate-Middle,358,1,,,,1,,1:358
Bronx,8,8,1,08X130,Elementary,453,1,,,,1,,1:453
Bronx,8,8,1,08X131,Junior High-Intermediate-Middle,512,2,,,,2,,1:256
Bronx,8,8,1,08X138,Elementary,677,1,,,,1,,1:677
Bronx,8,8,1,08X140,Elementary,568,,,,,0,,0
Bronx,8,8,1,08X146,Elementary,351,,,,,0,,0
Bronx,8,8,1,08X152,Elementary,807,,,,,0,,0
Bronx,8,8,1,08X182,Elementary,925,,,,,0,,0
Bronx,8,8,1,08X269,Secondary School,572,2,,,,2,,1:286
Bronx,8,8,1,08X282,High School,294,2,,,,2,,1:147
Bronx,8,8,1,08X293,High School,416,1,,,,1,,1:416
Bronx,8,8,1,08X301,Junior High-Intermediate-Middle,188,1,,,,1,,1:188
Bronx,8,8,1,08X302,Junior High-Intermediate-Middle,469,1,,,,1,,1:469
Bronx,8,8,1,08X304,Elementary,471,1,,,,1,,1:471
Bronx,8,8,1,08X305,High School,278,1,,,,1,,1:278
Bronx,8,8,1,08X312,High School,421,2,,,,2,,1:211
Bronx,8,8,1,08X320,High School,318,2,,,,2,,1:159
Bronx,8,8,1,08X332,High School,166,1,,,,1,,1:166
Bronx,8,8,1,08X333,Elementary,366,,,,,0,,0
Bronx,8,8,1,08X335,Elementary,254,1,,,,1,,1:254
Bronx,8,8,1,08X337,Junior High-Intermediate-Middle,465,2,,,,2,,1:233
Bronx,8,8,1,08X348,High School,266,1,,,,1,,1:266
Bronx,8,8,1,08X349,High School,273,2,,,,2,,1:137
Bronx,8,8,1,08X366,Junior High-Intermediate-Middle,88,,,,,0,Yes,0
Bronx,8,8,1,08X367,High School,640,3,,,,3,,1:213
Bronx,8,8,1,08X371,Junior High-Intermediate-Middle,277,,,1,1,1,Yes,0
Bronx,8,8,1,08X375,Junior High-Intermediate-Middle,239,2,,,,2,,1:120
Bronx,8,8,1,08X376,Secondary School,370,1,,,,1,,1:370
Bronx,8,8,1,08X377,High School,143,1,,,,1,,1:143
Bronx,8,8,1,08X392,Elementary,108,1,,,,1,Yes,1:108
Bronx,8,8,1,08X405,High School,902,6,,,,6,,1:150
Bronx,8,8,1,08X424,Junior High-Intermediate-Middle,285,2,,,,2,,1:143
Bronx,8,8,1,08X432,High School,270,1,,,,1,,1:270
Bronx,8,8,1,08X448,Junior High-Intermediate-Middle,351,1,,,,1,,1:351
Bronx,8,8,1,08X452,High School,280,1,,,,1,,1:280
Bronx,8,8,1,08X467,Junior High-Intermediate-Middle,237,,,1,1,1,Yes,0
Bronx,8,8,1,08X519,High School,246,1,,,,1,,1:246
Bronx,8,8,1,08X530,High School,195,1,,,,1,,1:195
Bronx,8,8,1,08X537,High School,152,1,,,,1,,1:152
Bronx,8,8,1,08X558,High School,510,3,,,,3,,1:170
Bronx,8,8,1,08X559,High School,238,1,,,,1,,1:238
Bronx,8,8,1,08X561,High School,414,1,,,,1,,1:207
Bronx,8,8,1,08X562,Junior High-Intermediate-Middle,289,1,1,,1,2,,1:289
Bronx,9,9,1,09X004,K-8,509,2,,,,2,,1:255
Bronx,9,9,1,09X011,Elementary,645,1,,,,1,,1:645
Bronx,9,9,1,09X022,Junior High-Intermediate-Middle,395,2,,,,2,,1:198
Bronx,9,9,1,09X028,Elementary,669,,,,,0,,0
Bronx,9,9,1,09X035,Elementary,667,,,,,0,,0
Bronx,9,9,1,09X042,Elementary,384,1,,,,1,,1:384
Bronx,9,9,1,09X053,Elementary,1061,1,,,,1,,1:1061
Bronx,9,9,1,09X055,Elementary,603,1,,,,1,,1:603
Bronx,9,9,1,09X058,Elementary,441,,,,,0,,0
Bronx,9,9,1,09X063,Elementary,550,,,,,0,,0
Bronx,9,9,1,09X064,Elementary,131,,,,,0,,0
Bronx,9,9,1,09X070,Elementary,1263,2,,,,2,,1:421
Bronx,9,9,1,09X073,Elementary,681,,,,,0,,0
Bronx,9,9,1,09X088,Elementary,176,1,,,,1,,1:176
Bronx,9,9,1,09X109,Elementary,672,,,,,0,,0
Bronx,9,9,1,09X110,Elementary,405,,,,,0,,0
Bronx,9,9,1,09X114,Elementary,737,,,,,0,,0
Bronx,9,9,1,09X117,Junior High-Intermediate-Middle,544,1,,,,1,,1:544
Bronx,9,9,1,09X126,Elementary,594,1,,,,1,,1:594
Bronx,9,9,1,09X128,Junior High-Intermediate-Middle,361,1,,,,1,,1:361
Bronx,9,9,1,09X132,Elementary,402,,,,,0,,0
Bronx,9,9,1,09X145,Junior High-Intermediate-Middle,278,1,,,,1,,1:278
Bronx,9,9,1,09X163,Elementary,501,,,,,0,,0
Bronx,9,9,1,09X170,Early Childhood,285,,,,,0,,0
Bronx,9,9,1,09X199,Elementary,695,2,,,,2,,1:348
Bronx,9,9,1,09X204,Elementary,552,1,,,,1,,1:552
Bronx,9,9,1,09X215,Junior High-Intermediate-Middle,260,1,,,,1,,1:260
Bronx,9,9,1,09X218,K-8,982,3,,,,3,,1:327
Bronx,9,9,1,09X219,Junior High-Intermediate-Middle,294,,,,,0,,0
Bronx,9,9,1,09X227,High School,345,2,,,,2,,1:173
Bronx,9,9,1,09X229,Junior High-Intermediate-Middle,244,1,,,,1,,1:244
Bronx,9,9,1,09X230,Elementary,72,,,,,0,,0
Bronx,9,9,1,09X231,Secondary School,532,3,,,,3,,1:177
Bronx,9,9,1,09X232,Junior High-Intermediate-Middle,473,1,,,,1,,1:473
Bronx,9,9,1,09X236,Elementary,299,1,,,,1,,1:299
Bronx,9,9,1,09X241,Secondary School,605,2,,,,2,,1:303
Bronx,9,9,1,09X250,High School,420,2,,,,2,,1:210
Bronx,9,9,1,09X252,High School,381,1,,,,1,,1:381
Bronx,9,9,1,09X260,High School,444,1,,,,1,,1:444
Bronx,9,9,1,09X263,High School,354,2,,,,2,,1:177
Bronx,9,9,1,09X274,Elementary,584,1,,,,1,,1:584
Bronx,9,9,1,09X276,High School,141,1,,,,1,,1:141
Bronx,9,9,1,09X294,Elementary,365,1,,,,1,,1:365
Bronx,9,9,1,09X297,High School,386,1,,,,1,,1:386
Bronx,9,9,1,09X303,Junior High-Intermediate-Middle,309,2,,,,2,,1:155
Bronx,9,9,1,09X311,Elementary,299,1,,,,1,,1:299
Bronx,9,9,1,09X313,Junior High-Intermediate-Middle,292,,,,,0,,0
Bronx,9,9,1,09X323,Junior High-Intermediate-Middle,436,1,,,,1,,1:436
Bronx,9,9,1,09X324,Secondary School,483,1,,,,1,,0
Bronx,9,9,1,09X325,Junior High-Intermediate-Middle,269,1,,,,1,,1:269
Bronx,9,9,1,09X327,Secondary School,716,2,,,,2,,1:358
Bronx,9,9,1,09X328,Junior High-Intermediate-Middle,168,1,,,,1,,1:168
Bronx,9,9,1,09X329,High School,250,1,,,,1,,1:250
Bronx,9,9,1,09X339,Junior High-Intermediate-Middle,467,2,,,,2,,1:234
Bronx,9,9,1,09X350,Secondary School,201,1,,,,1,,1:201
Bronx,9,9,1,09X361,Junior High-Intermediate-Middle,379,1,,,,1,,1:379
Bronx,9,9,1,09X365,High School,300,2,,,,2,,1:150
Bronx,9,9,1,09X403,High School,377,1,,,,1,,1:377
Bronx,9,9,1,09X404,High School,351,1,,,,1,,1:351
Bronx,9,9,1,09X412,High School,241,2,,,,2,,1:121
Bronx,9,9,1,09X413,Secondary School,409,3,,,,3,,1:136
Bronx,9,9,1,09X414,High School,58,1,,,,1,,1:58
Bronx,9,9,1,09X443,Elementary,479,1,,,,1,,1:479
Bronx,9,9,1,09X449,Elementary,421,1,,,,1,,1:421
Bronx,9,9,1,09X454,Junior High-Intermediate-Middle,413,2,,,,2,,1:207
Bronx,9,9,1,09X457,Elementary,557,2,,,,2,,1:279
Bronx,9,9,1,09X505,Secondary School,737,3,,,,3,,1:246
Bronx,9,9,1,09X517,High School,372,,,,,0,,0
Bronx,9,9,1,09X525,High School,606,4,,,,4,,1:152
Bronx,9,9,1,09X543,High School,301,1,,,,1,,1:301
Bronx,9,9,1,09X555,Elementary,297,,,,,0,,0
Bronx,9,9,1,09X564,High School,325,3,,,,3,,1:108
Bronx,9,9,1,09X568,Secondary School,318,1,,,,1,,1:318
Bronx,10,10,3,10X003,K-8,302,1,,,,1,,1:302
Bronx,10,10,3,10X007,Elementary,704,1,,,,1,,1:704
Bronx,10,10,3,10X008,Elementary,1018,1,,,,1,,1:1018
Bronx,10,10,3,10X009,Elementary,739,,,,,0,,0
Bronx,10,10,3,10X015,K-8,491,1,,,,1,,1:491
Bronx,10,10,3,10X020,K-8,1045,3,,,,3,,1:348
Bronx,10,10,3,10X023,Elementary,456,1,,,,1,,1:456
Bronx,10,10,3,10X024,Elementary,989,2,,,,2,,1:495
Bronx,10,10,3,10X032,Elementary,779,1,,,,1,,1:779
Bronx,10,10,3,10X033,Elementary,915,3,,,,3,,1:305
Bronx,10,10,3,10X037,K-8,619,1,,,,1,,1:619
Bronx,10,10,3,10X045,Junior High-Intermediate-Middle,698,2,,,,2,,1:349
Bronx,10,10,3,10X046,Elementary,1043,,,,,0,,0
Bronx,10,10,3,10X051,Elementary,210,,,,,0,,0
Bronx,10,10,3,10X054,Elementary,423,,,,,0,,0
Bronx,10,10,3,10X056,Elementary,651,,,,,0,,0
Bronx,10,10,3,10X059,Elementary,523,,,,,0,,0
Bronx,10,10,3,10X077,Elementary,140,1,,,,1,,1:140
Bronx,10,10,3,10X080,Junior High-Intermediate-Middle,595,2,,,,2,,1:298
Bronx,10,10,3,10X081,Elementary,664,,,,,0,,0
Bronx,10,10,3,10X085,Elementary,860,1,,,,1,,1:860
Bronx,10,10,3,10X086,Elementary,1595,1,,,,1,,1:798
Bronx,10,10,3,10X091,Elementary,704,1,,,,1,,1:704
Bronx,10,10,3,10X094,Elementary,1165,1,,,,1,,1:1165
Bronx,10,10,3,10X095,K-8,1233,2,,,,2,,1:617
Bronx,10,10,3,10X118,Junior High-Intermediate-Middle,1113,3,,,,3,,1:371
Bronx,10,10,3,10X141,Secondary School,1372,5,,,,5,,1:274
Bronx,10,10,3,10X159,Elementary,190,,,,,0,,0
Bronx,10,10,3,10X205,Elementary,1003,,,,,0,,0
Bronx,10,10,3,10X206,Junior High-Intermediate-Middle,225,1,,,,1,,1:225
Bronx,10,10,3,10X207,Early Childhood,344,,,,,0,,0
Bronx,10,10,3,10X209,Early Childhood,217,,,,,0,,0
Bronx,10,10,3,10X213,High School,378,2,,,,2,,1:378
Bronx,10,10,3,10X225,Secondary School,585,3,,,,3,,1:195
Bronx,10,10,3,10X226,Elementary,435,,,,,0,,0
Bronx,10,10,3,10X228,Junior High-Intermediate-Middle,262,1,,,,1,,1:262
Bronx,10,10,3,10X237,High School,513,3,,,,3,,1:171
Bronx,10,10,3,10X243,Secondary School,557,3,,,,3,,1:186
Bronx,10,10,3,10X244,Junior High-Intermediate-Middle,737,4,,,,4,,1:184
Bronx,10,10,3,10X246,Elementary,683,1,,,,1,,1:683
Bronx,10,10,3,10X254,Junior High-Intermediate-Middle,437,2,,,,2,,1:219
Bronx,10,10,3,10X264,High School,325,1,,,,1,,1:325
Bronx,10,10,3,10X268,High School,428,1,,,,1,,0
Bronx,10,10,3,10X279,K-8,1038,4,,,,4,,1:260
Bronx,10,10,3,10X280,K-8,873,,,,,0,,0
Bronx,10,10,3,10X284,High School,353,1,,,,1,,1:353
Bronx,10,10,3,10X291,Elementary,650,,,,,0,,0
Bronx,10,10,3,10X306,Elementary,727,1,,,,1,,1:727
Bronx,10,10,3,10X307,Elementary,351,,,,,0,,0
Bronx,10,10,3,10X308,Junior High-Intermediate-Middle,267,,,,,0,,0
Bronx,10,10,3,10X310,Elementary,701,1,,,,1,,1:701
Bronx,10,10,3,10X315,K-8,271,1,,,,1,,1:271
Bronx,10,10,3,10X319,High School,144,,,,,0,,0
Bronx,10,10,3,10X331,Junior High-Intermediate-Middle,385,1,,,,1,,1:385
Bronx,10,10,3,10X340,Elementary,593,,,,,0,,0
Bronx,10,10,3,10X342,Secondary School,509,4,,,,4,,1:127
Bronx,10,10,3,10X344,Elementary,392,1,,,,1,,1:392
Bronx,10,10,3,10X351,High School,339,2,,,,2,,1:170
Bronx,10,10,3,10X353,High School,263,1,,,,1,,1:263
Bronx,10,10,3,10X360,Elementary,423,,,,,0,,0
Bronx,10,10,3,10X363,Junior High-Intermediate-Middle,434,4,,,,4,,1:109
Bronx,10,10,3,10X368,Secondary School,933,4,,,,4,,1:233
Bronx,10,10,3,10X374,High School,469,4,,,,4,,1:117
Bronx,10,10,3,10X382,Elementary,270,,,,,0,,0
Bronx,10,10,3,10X386,Elementary,504,2,,,,2,,1:252
Bronx,10,10,3,10X390,Junior High-Intermediate-Middle,426,1,,,,1,,1:426
Bronx,10,10,3,10X391,Junior High-Intermediate-Middle,473,3,,,,3,,1:158
Bronx,10,10,3,10X396,Elementary,294,2,,,,2,,1:147
Bronx,10,10,3,10X397,High School,275,,,,,0,,0
Bronx,10,10,3,10X433,High School,415,2,,,,2,,1:208
Bronx,10,10,3,10X434,High School,408,2,,,,2,,1:204
Bronx,10,10,3,10X437,High School,363,1,,,,1,,1:363
Bronx,10,10,3,10X438,High School,356,1,,,,1,,1:356
Bronx,10,10,3,10X439,High School,373,2,,,,2,,1:187
Bronx,10,10,3,10X440,High School,1407,9,,,,9,,1:156
Bronx,10,10,3,10X442,High School,410,2,,,,2,,1:205
Bronx,10,10,3,10X445,High School,2989,11,,,,11,,1:272
Bronx,10,10,3,10X447,Junior High-Intermediate-Middle,465,,,,,0,,0
Bronx,10,10,3,10X459,Junior High-Intermediate-Middle,310,1,,,,1,,1:310
Bronx,10,10,3,10X477,High School,427,,,,,0,,0
Bronx,10,10,3,10X524,High School,287,2,,,,2,,1:144
Bronx,10,10,3,10X546,High School,342,2,,,,2,,1:171
Bronx,10,10,3,10X549,High School,461,2,,,,2,,1:231
Bronx,10,10,3,10X565,High School,380,3,,,,3,,1:127
Bronx,10,10,3,10X696,High School,362,2,,,,2,,1:181
Bronx,11,11,3,11X016,Elementary,384,,,,,0,,0
Bronx,11,11,3,11X019,K-8,510,1,,,,1,,1:510
Bronx,11,11,3,11X021,Elementary,646,1,,,,1,,1:646
Bronx,11,11,3,11X041,Elementary,900,,,,,0,,0
Bronx,11,11,3,11X068,Elementary,719,1,,,,1,,1:719
Bronx,11,11,3,11X076,Elementary,999,,,,,0,,0
Bronx,11,11,3,11X078,Elementary,711,,,,,0,,0
Bronx,11,11,3,11X083,K-8,1660,3,,,,3,,1:553
Bronx,11,11,3,11X087,Elementary,592,,,,,0,,0
Bronx,11,11,3,11X089,K-8,1342,2,,,,2,,1:671
Bronx,11,11,3,11X096,Elementary,932,1,,,,1,,1:932
Bronx,11,11,3,11X097,Elementary,652,,,,,0,,0
Bronx,11,11,3,11X103,Elementary,1098,2,,,,2,,1:549
Bronx,11,11,3,11X105,Elementary,1173,1,,,,1,,1:1173
Bronx,11,11,3,11X106,Elementary,1076,1,,,,1,,1:1076
Bronx,11,11,3,11X108,Elementary,559,1,,,,1,,1:559
Bronx,11,11,3,11X111,Elementary,664,1,,,,1,,1:664
Bronx,11,11,3,11X112,Elementary,354,,,,,0,,0
Bronx,11,11,3,11X121,Elementary,894,,,,,0,,0
Bronx,11,11,3,11X127,Junior High-Intermediate-Middle,723,2,,,,2,,1:362
Bronx,11,11,3,11X144,Junior High-Intermediate-Middle,463,1,,,,1,,1:463
Bronx,11,11,3,11X153,Elementary,695,1,,,,1,,1:348
Bronx,11,11,3,11X160,Elementary,353,1,,,,1,,0
Bronx,11,11,3,11X169,Elementary,363,,,,,0,,0
Bronx,11,11,3,11X175,K-8,310,,,,,0,,0
Bronx,11,11,3,11X178,Elementary,486,,,,,0,,0
Bronx,11,11,3,11X180,Junior High-Intermediate-Middle,865,2,,,,2,,1:433
Bronx,11,11,3,11X181,Junior High-Intermediate-Middle,854,1,,,,1,,1:854
Bronx,11,11,3,11X189,Elementary,341,,,,,0,,0
Bronx,11,11,3,11X194,K-8,1310,4,,,,4,,1:328
Bronx,11,11,3,11X249,High School,316,,,,,0,,0
Bronx,11,11,3,11X253,High School,341,1,,,,1,,1:341
Bronx,11,11,3,11X265,High School,414,2,,,,2,,1:207
Bronx,11,11,3,11X270,High School,337,2,,,,2,,1:169
Bronx,11,11,3,11X272,Junior High-Intermediate-Middle,180,1,,,,1,,1:180
Bronx,11,11,3,11X275,High School,499,2,,,,2,,1:250
Bronx,11,11,3,11X287,Junior High-Intermediate-Middle,231,1,,1,1,2,Yes,1:231
Bronx,11,11,3,11X288,High School,660,2,,,,2,,1:165
Bronx,11,11,3,11X289,Junior High-Intermediate-Middle,263,1,,,,1,,1:263
Bronx,11,11,3,11X290,High School,415,1,,,,1,,1:415
Bronx,11,11,3,11X299,High School,433,1,,,,1,,1:217
Bronx,11,11,3,11X326,Junior High-Intermediate-Middle,370,1,,,,1,,1:370
Bronx,11,11,3,11X355,Junior High-Intermediate-Middle,328,1,,,,1,,1:328
Bronx,11,11,3,11X357,Elementary,188,,,,,0,,0
Bronx,11,11,3,11X370,Junior High-Intermediate-Middle,208,1,,1,1,2,Yes,1:208
Bronx,11,11,3,11X418,High School,455,2,,,,2,,1:228
Bronx,11,11,3,11X455,High School,1933,9,,,,9,,1:215
Bronx,11,11,3,11X462,Junior High-Intermediate-Middle,245,,,,,0,,0
Bronx,11,11,3,11X468,Junior High-Intermediate-Middle,333,1,,,,1,,1:333
Bronx,11,11,3,11X481,Elementary,60,,,,,0,,0
Bronx,11,11,3,11X483,Elementary,33,,,,,0,,0
Bronx,11,11,3,11X498,K-8,616,1,,,,1,,1:616
Bronx,11,11,3,11X508,High School,411,2,,,,2,,1:206
Bronx,11,11,3,11X509,High School,325,2,,,,2,,1:163
Bronx,11,11,3,11X513,High School,352,2,,,,2,,1:176
Bronx,11,11,3,11X514,High School,358,2,,,,2,,1:179
Bronx,11,11,3,11X529,Junior High-Intermediate-Middle,318,1,,,,1,,1:318
Bronx,11,11,3,11X532,Junior High-Intermediate-Middle,287,1,,,,1,,1:287
Bronx,11,11,3,11X542,High School,474,1,,,,1,,1:474
Bronx,11,11,3,11X544,High School,443,1,,,,1,,1:443
Bronx,11,11,3,11X545,High School,356,,,,,0,,0
Bronx,11,11,3,11X556,Junior High-Intermediate-Middle,378,3,,,,3,,1:189
Bronx,11,11,3,11X566,Junior High-Intermediate-Middle,437,2,,,,2,,1:219
Bronx,11,11,3,11X567,Elementary,238,1,,,,1,,1:238
Bronx,12,12,2,12X006,Elementary,488,1,,,,1,,1:488
Bronx,12,12,2,12X044,Elementary,212,,,,,0,,0
Bronx,12,12,2,12X047,Elementary,1085,,,,,0,,0
Bronx,12,12,2,12X050,Elementary,54,,,,,0,,0
Bronx,12,12,2,12X057,Elementary,509,,,,,0,,0
Bronx,12,12,2,12X061,Elementary,268,1,,,,1,,1:268
Bronx,12,12,2,12X066,Elementary,596,1,,,,1,,1:596
Bronx,12,12,2,12X067,Elementary,557,1,,,,1,,1:557
Bronx,12,12,2,12X092,Elementary,385,,,,,0,,0
Bronx,12,12,2,12X098,Junior High-Intermediate-Middle,178,1,,,,1,,1:178
Bronx,12,12,2,12X129,Junior High-Intermediate-Middle,515,1,,,,1,,1:515
Bronx,12,12,2,12X134,Elementary,598,,,,,0,,0
Bronx,12,12,2,12X150,Elementary,816,,,,,0,,0
Bronx,12,12,2,12X190,Junior High-Intermediate-Middle,236,1,,,,1,,1:236
Bronx,12,12,2,12X195,Elementary,905,1,,,,1,,1:905
Bronx,12,12,2,12X196,Elementary,911,1,,,,1,,1:911
Bronx,12,12,2,12X211,K-8,566,1,,,,1,,1:566
Bronx,12,12,2,12X212,K-8,393,2,,,,2,,1:197
Bronx,12,12,2,12X214,K-8,963,1,,,,1,,1:963
Bronx,12,12,2,12X217,Junior High-Intermediate-Middle,293,1,,,,1,,1:147
Bronx,12,12,2,12X242,Secondary School,669,2,,,,2,,1:335
Bronx,12,12,2,12X248,High School,313,1,,,,1,,1:313
Bronx,12,12,2,12X251,High School,322,2,,,,2,,1:161
Bronx,12,12,2,12X267,Secondary School,547,1,,,,1,,1:547
Bronx,12,12,2,12X271,Secondary School,614,,,,,0,,0
Bronx,12,12,2,12X273,Junior High-Intermediate-Middle,258,1,,,,1,,0
Bronx,12,12,2,12X278,High School,95,1,,,,1,,1:95
Bronx,12,12,2,12X286,Junior High-Intermediate-Middle,253,1,,,,1,,1:253
Bronx,12,12,2,12X300,Elementary,545,1,,,,1,,1:545
Bronx,12,12,2,12X314,Elementary,258,1,,,,1,,1:258
Bronx,12,12,2,12X316,Junior High-Intermediate-Middle,349,1,,,,1,,1:349
Bronx,12,12,2,12X318,Junior High-Intermediate-Middle,275,1,,,,1,,1:275
Bronx,12,12,2,12X341,Junior High-Intermediate-Middle,147,2,,,,2,,1:74
Bronx,12,12,2,12X372,Secondary School,530,2,,,,2,,1:265
Bronx,12,12,2,12X383,Junior High-Intermediate-Middle,227,,,,,0,,0
Bronx,12,12,2,12X384,Junior High-Intermediate-Middle,244,1,,,,1,,1:244
Bronx,12,12,2,12X388,High School,383,3,,,,3,,1:128
Bronx,12,12,2,12X446,High School,106,,,,,0,,0
Bronx,12,12,2,12X458,Elementary,87,,,,,0,,0
Bronx,12,12,2,12X463,Elementary,256,,,,,0,,0
Bronx,12,12,2,12X478,High School,304,2,,,,2,,1:152
Bronx,12,12,2,12X479,High School,277,1,,,,1,,1:277
Bronx,12,12,2,12X480,High School,171,1,,,,1,,1:171
Bronx,12,12,2,12X511,High School,348,1,,,,1,,1:348
Bronx,12,12,2,12X521,High School,384,1,,,,1,,1:384
Bronx,12,12,2,12X531,Elementary,472,,,,,0,,0
Bronx,12,12,2,12X536,Elementary,388,,,,,0,,0
Bronx,12,12,2,12X550,High School,347,2,,,,2,,1:174
Bronx,12,12,2,12X682,High School,438,1,,,,1,,1:219
Bronx,12,12,2,12X684,High School,429,2,,,,2,,1:215
Bronx,12,12,2,12X691,Elementary,316,,,,,0,,0
Bronx,12,12,2,12X692,High School,369,1,,,,1,,1:185
Brooklyn,13,13,2,13K003,Elementary,348,,,,,0,,0
Brooklyn,13,13,2,13K008,K-8,913,1,,,,1,,1:913
Brooklyn,13,13,2,13K009,Elementary,729,,,,,0,,0
Brooklyn,13,13,2,13K011,Elementary,738,1,,,,1,,1:738
Brooklyn,13,13,2,13K020,Elementary,326,,,,,0,,0
Brooklyn,13,13,2,13K044,Elementary,172,,,,,0,,0
Brooklyn,13,13,2,13K046,Elementary,298,,,,,0,,0
Brooklyn,13,13,2,13K054,Elementary,196,,,,,0,,0
Brooklyn,13,13,2,13K056,Elementary,174,,,,,0,,0
Brooklyn,13,13,2,13K067,Elementary,198,,,,,0,,0
Brooklyn,13,13,2,13K093,Elementary,242,,,,,0,,0
Brooklyn,13,13,2,13K113,Junior High-Intermediate-Middle,390,1,,,,1,,1:390
Brooklyn,13,13,2,13K133,Elementary,605,,,,,0,,0
Brooklyn,13,13,2,13K256,Elementary,256,,,,,0,,0
Brooklyn,13,13,2,13K265,Secondary School,408,1,,,,1,,1:408
Brooklyn,13,13,2,13K266,Junior High-Intermediate-Middle,127,1,,,,1,,1:127
Brooklyn,13,13,2,13K270,Elementary,108,,1,,1,1,,0
Brooklyn,13,13,2,13K282,K-8,801,1,,,,1,,1:801
Brooklyn,13,13,2,13K287,Elementary,160,,,,,0,,0
Brooklyn,13,13,2,13K301,Junior High-Intermediate-Middle,88,1,,,,1,,1:88
Brooklyn,13,13,2,13K305,Elementary,154,,,,,0,,0
Brooklyn,13,13,2,13K307,Elementary,312,,,,,0,,0
Brooklyn,13,13,2,13K313,Junior High-Intermediate-Middle,72,,,,,0,,0
Brooklyn,13,13,2,13K350,High School,290,1,,,,1,,1:290
Brooklyn,13,13,2,13K351,Junior High-Intermediate-Middle,142,,,,,0,,0
Brooklyn,13,13,2,13K412,High School,351,1,,,,1,,1:351
Brooklyn,13,13,2,13K419,High School,518,3,,,,3,,1:173
Brooklyn,13,13,2,13K430,High School,5481,19,,,,19,,1:288
Brooklyn,13,13,2,13K439,High School,352,1,,,,1,,1:352
Brooklyn,13,13,2,13K483,High School,448,1,,,,1,,1:448
Brooklyn,13,13,2,13K492,K-8,501,1,,,,1,,1:501
Brooklyn,13,13,2,13K499,High School,327,2,,,,2,,1:164
Brooklyn,13,13,2,13K527,Secondary School,456,2,,,,2,,1:228
Brooklyn,13,13,2,13K553,High School,107,1,,,,1,,1:107
Brooklyn,13,13,2,13K575,High School,93,1,,,,1,,1:93
Brooklyn,13,13,2,13K595,High School,351,2,,,,2,,1:176
Brooklyn,13,13,2,13K596,Junior High-Intermediate-Middle,44,1,,,,1,,1:44
Brooklyn,13,13,2,13K605,High School,572,5,,,,5,,1:143
Brooklyn,13,13,2,13K616,High School,139,1,,,,1,,1:139
Brooklyn,13,13,2,13K670,High School,902,3,,,,3,,1:301
Brooklyn,13,13,2,13K674,High School,411,4,,,,4,,1:103
Brooklyn,13,13,2,13K691,Junior High-Intermediate-Middle,226,1,,,,1,,1:226
Brooklyn,14,14,2,14K016,Elementary,218,1,,,,1,,1:218
Brooklyn,14,14,2,14K017,Elementary,255,,,,,0,,0
Brooklyn,14,14,2,14K018,Elementary,165,,,,,0,,0
Brooklyn,14,14,2,14K023,Elementary,233,1,,,,1,,1:233
Brooklyn,14,14,2,14K031,Elementary,493,,1,,1,1,,0
Brooklyn,14,14,2,14K034,Elementary,452,,,,,0,,0
Brooklyn,14,14,2,14K050,Junior High-Intermediate-Middle,195,1,,,,1,,1:195
Brooklyn,14,14,2,14K059,Elementary,265,,,,,0,,0
Brooklyn,14,14,2,14K071,Secondary School,578,4,,,,4,,1:145
Brooklyn,14,14,2,14K084,K-8,660,1,,,,1,,1:660
Brooklyn,14,14,2,14K110,Elementary,349,,,,,0,,0
Brooklyn,14,14,2,14K120,Elementary,363,1,,,,1,,1:363
Brooklyn,14,14,2,14K126,Junior High-Intermediate-Middle,357,1,,,,1,,1:357
Brooklyn,14,14,2,14K132,Elementary,602,,,,,0,,0
Brooklyn,14,14,2,14K147,Elementary,231,,,,,0,,0
Brooklyn,14,14,2,14K157,K-8,451,1,,,,1,,1:451
Brooklyn,14,14,2,14K196,Elementary,296,1,,,,1,,1:296
Brooklyn,14,14,2,14K250,Elementary,574,1,,,,1,,1:574
Brooklyn,14,14,2,14K257,Elementary,590,,,,,0,,0
Brooklyn,14,14,2,14K297,Elementary,218,,,,,0,,0
Brooklyn,14,14,2,14K318,Junior High-Intermediate-Middle,1465,4,,,,4,,1:366
Brooklyn,14,14,2,14K319,Early Childhood,86,,,,,0,,0
Brooklyn,14,14,2,14K322,High School,47,1,,,,1,,1:47
Brooklyn,14,14,2,14K330,Junior High-Intermediate-Middle,69,1,,,,1,,1:69
Brooklyn,14,14,2,14K380,Elementary,560,1,,,,1,,1:560
Brooklyn,14,14,2,14K414,Elementary,537,1,,,,1,,1:537
Brooklyn,14,14,2,14K449,High School,657,3,,,,3,,1:219
Brooklyn,14,14,2,14K454,High School,228,1,,,,1,,1:228
Brooklyn,14,14,2,14K474,High School,879,7,,,,7,,1:110
Brooklyn,14,14,2,14K477,High School,439,2,,,,2,,1:220
Brooklyn,14,14,2,14K478,High School,867,3,,,,3,,1:289
Brooklyn,14,14,2,14K488,High School,489,2,,,,2,,1:245
Brooklyn,14,14,2,14K558,High School,553,2,,,,2,,1:277
Brooklyn,14,14,2,14K561,High School,652,3,,,,3,,1:217
Brooklyn,14,14,2,14K577,Junior High-Intermediate-Middle,503,2,,,,2,,1:252
Brooklyn,14,14,2,14K582,Junior High-Intermediate-Middle,237,1,,,,1,,1:237
Brooklyn,14,14,2,14K586,Secondary School,495,1,,,,1,,1:495
Brooklyn,14,14,2,14K610,High School,349,2,,,,2,,1:175
Brooklyn,14,14,2,14K614,Secondary School,363,2,,,,2,,1:182
Brooklyn,14,14,2,14K632,High School,99,1,,,,1,,1:99
Brooklyn,14,14,2,14K685,High School,236,1,,,,1,,1:236
Brooklyn,15,15,3,15K001,Elementary,1133,,,,,0,,0
Brooklyn,15,15,3,15K010,Elementary,926,,,,,0,,0
Brooklyn,15,15,3,15K015,Elementary,373,,,,,0,,0
Brooklyn,15,15,3,15K024,Elementary,601,,,,,0,,0
Brooklyn,15,15,3,15K029,Elementary,835,1,,,,1,,1:835
Brooklyn,15,15,3,15K032,Elementary,456,1,,,,1,,1:456
Brooklyn,15,15,3,15K038,Elementary,433,,,,,0,,0
Brooklyn,15,15,3,15K039,Elementary,375,,,,,0,,0
Brooklyn,15,15,3,15K051,Junior High-Intermediate-Middle,1121,2,,,,2,,1:561
Brooklyn,15,15,3,15K058,Elementary,922,,,,,0,,0
Brooklyn,15,15,3,15K088,Junior High-Intermediate-Middle,1235,3,,,,3,,1:412
Brooklyn,15,15,3,15K094,Elementary,1421,,,,,0,,0
Brooklyn,15,15,3,15K107,Elementary,563,,,,,0,,0
Brooklyn,15,15,3,15K118,Elementary,140,,,,,0,,0
Brooklyn,15,15,3,15K124,Elementary,282,,,,,0,,0
Brooklyn,15,15,3,15K130,Elementary,662,,,,,0,,0
Brooklyn,15,15,3,15K131,Elementary,986,1,,,,1,,1:986
Brooklyn,15,15,3,15K136,Junior High-Intermediate-Middle,481,2,,,,2,,1:241
Brooklyn,15,15,3,15K146,Elementary,608,,,,,0,,0
Brooklyn,15,15,3,15K154,Elementary,524,,,,,0,,0
Brooklyn,15,15,3,15K169,Elementary,1551,1,,,,1,,1:1551
Brooklyn,15,15,3,15K172,Elementary,542,1,,,,1,,1:542
Brooklyn,15,15,3,15K230,Elementary,1110,,,,,0,,0
Brooklyn,15,15,3,15K261,Elementary,748,1,,,,1,,1:748
Brooklyn,15,15,3,15K295,Elementary,453,,,,,0,,0
Brooklyn,15,15,3,15K321,Elementary,1431,1,1,,1,2,,1:1431
Brooklyn,15,15,3,15K423,High School,141,1,,,,1,,1:141
Brooklyn,15,15,3,15K429,Secondary School,209,1,,,,1,,1:105
Brooklyn,15,15,3,15K442,Junior High-Intermediate-Middle,209,1,,,,1,,1:209
Brooklyn,15,15,3,15K443,Junior High-Intermediate-Middle,533,,,,,0,,0
Brooklyn,15,15,3,15K447,Junior High-Intermediate-Middle,521,2,,,,2,,1:261
Brooklyn,15,15,3,15K448,Secondary School,647,3,,,,3,,1:216
Brooklyn,15,15,3,15K462,High School,334,1,,,,1,,1:334
Brooklyn,15,15,3,15K463,High School,203,1,,,,1,,1:203
Brooklyn,15,15,3,15K464,Secondary School,509,3,,,,3,,1:170
Brooklyn,15,15,3,15K497,Secondary School,449,3,,,,3,,1:150
Brooklyn,15,15,3,15K516,Elementary,207,1,,,,1,,1:207
Brooklyn,15,15,3,15K519,High School,540,3,,,,3,,1:270
Brooklyn,15,15,3,15K529,High School,149,1,,,,1,,1:149
Brooklyn,15,15,3,15K592,High School,217,2,,,,2,,1:109
Brooklyn,15,15,3,15K656,High School,878,4,,,,4,,1:220
Brooklyn,15,15,3,15K667,High School,1242,10,,,,10,,1:124
Brooklyn,15,15,3,15K676,Elementary,168,,,,,0,,0
Brooklyn,15,15,3,15K684,High School,616,4,,,,4,,1:154
Brooklyn,15,15,3,15K698,High School,143,1,,,,1,,1:143
Brooklyn,15,15,3,15K821,Junior High-Intermediate-Middle,510,2,,,,2,,1:255
Brooklyn,15,15,3,15K839,Junior High-Intermediate-Middle,104,,,,,0,,0
Brooklyn,16,16,3,16K005,Elementary,187,,,,,0,,0
Brooklyn,16,16,3,16K021,Elementary,546,,,,,0,,0
Brooklyn,16,16,3,16K025,Elementary,112,,,,,0,,0
Brooklyn,16,16,3,16K026,Elementary,175,,,,,0,,0
Brooklyn,16,16,3,16K028,Elementary,162,,,,,0,,0
Brooklyn,16,16,3,16K035,Junior High-Intermediate-Middle,162,1,,,,1,,1:162
Brooklyn,16,16,3,16K040,Elementary,250,,,,,0,,0
Brooklyn,16,16,3,16K057,Junior High-Intermediate-Middle,162,1,,,,1,,1:162
Brooklyn,16,16,3,16K081,Elementary,258,,,,,0,,0
Brooklyn,16,16,3,16K243,Elementary,224,,,,,0,,0
Brooklyn,16,16,3,16K262,K-8,379,1,,,,1,,1:379
Brooklyn,16,16,3,16K267,Junior High-Intermediate-Middle,160,1,,,,1,,1:160
Brooklyn,16,16,3,16K308,K-8,306,1,,,,1,,1:306
Brooklyn,16,16,3,16K309,Elementary,185,1,,,,1,,1:185
Brooklyn,16,16,3,16K335,Elementary,253,1,,,,1,,1:253
Brooklyn,16,16,3,16K385,Junior High-Intermediate-Middle,58,,,,,0,,0
Brooklyn,16,16,3,16K393,High School,67,1,,,,1,,1:67
Brooklyn,16,16,3,16K455,High School,322,3,,,,3,,1:107
Brooklyn,16,16,3,16K498,High School,617,2,,,,2,,1:309
Brooklyn,16,16,3,16K534,Junior High-Intermediate-Middle,81,,,,,0,,0
Brooklyn,16,16,3,16K584,Junior High-Intermediate-Middle,83,1,,,,1,,1:83
Brooklyn,16,16,3,16K594,High School,169,1,,,,1,,1:169
Brooklyn,16,16,3,16K627,Elementary,130,,,,,0,,0
Brooklyn,16,16,3,16K628,Elementary,178,,,,,0,,0
Brooklyn,16,16,3,16K636,Elementary,133,1,,,,1,,1:133
Brooklyn,16,16,3,16K669,High School,178,1,,,,1,,1:178
Brooklyn,16,16,3,16K681,Junior High-Intermediate-Middle,161,1,,,,1,,1:161
Brooklyn,16,16,3,16K688,High School,114,1,,,,1,,1:114
Brooklyn,16,16,3,16K765,High School,185,1,,,,1,,1:185
Brooklyn,17,17,1,17K002,Junior High-Intermediate-Middle,455,1,,,,1,,1:455
Brooklyn,17,17,1,17K006,Elementary,660,1,,,,1,,0
Brooklyn,17,23,1,17K012,Elementary,195,1,,,,1,,1:195
Brooklyn,17,17,1,17K061,Junior High-Intermediate-Middle,762,2,,,,2,,1:381
Brooklyn,17,17,1,17K091,Elementary,289,,,,,0,,0
Brooklyn,17,17,1,17K092,Elementary,396,,,,,0,,0
Brooklyn,17,17,1,17K122,High School,501,2,,1,1,3,Yes,1:251
Brooklyn,17,17,1,17K138,K-8,623,,,,,0,,0
Brooklyn,17,17,1,17K161,Elementary,364,,,,,0,,0
Brooklyn,17,17,1,17K167,Elementary,55,,,,,0,,0
Brooklyn,17,17,1,17K181,K-8,772,2,,,,2,,1:386
Brooklyn,17,17,1,17K189,K-8,1004,1,,,,1,,1:1004
Brooklyn,17,17,1,17K191,Elementary,152,1,,,,1,,1:152
Brooklyn,17,17,1,17K221,Elementary,328,,,,,0,,0
Brooklyn,17,17,1,17K241,Elementary,468,1,,,,1,,1:468
Brooklyn,17,17,1,17K246,Junior High-Intermediate-Middle,439,1,,,,1,,1:439
Brooklyn,17,17,1,17K249,Elementary,808,1,,,,1,,1:808
Brooklyn,17,17,1,17K289,Elementary,335,,,,,0,,0
Brooklyn,17,17,1,17K316,Elementary,366,,,,,0,,0
Brooklyn,17,17,1,17K334,Junior High-Intermediate-Middle,73,1,,,,1,,1:73
Brooklyn,17,13,1,17K340,Junior High-Intermediate-Middle,197,1,,,,1,,1:197
Brooklyn,17,17,1,17K352,Junior High-Intermediate-Middle,173,1,,,,1,,1:173
Brooklyn,17,17,1,17K353,Junior High-Intermediate-Middle,192,1,,,,1,,1:192
Brooklyn,17,17,1,17K354,Junior High-Intermediate-Middle,180,1,,,,1,,1:180
Brooklyn,17,17,1,17K375,Elementary,400,,,,,0,,0
Brooklyn,17,17,1,17K382,Secondary School,400,2,,,,2,,1:133
Brooklyn,17,17,1,17K394,K-8,488,1,,,,1,,1:488
Brooklyn,17,17,1,17K397,Elementary,219,1,,,,1,,1:219
Brooklyn,17,17,1,17K398,Elementary,302,,,,,0,,0
Brooklyn,17,17,1,17K399,Elementary,430,1,,,,1,,1:430
Brooklyn,17,17,1,17K408,High School,172,2,,,,2,,1:86
Brooklyn,17,23,1,17K484,Junior High-Intermediate-Middle,136,1,,,,1,,1:136
Brooklyn,17,17,1,17K489,High School,84,1,,,,1,,1:84
Brooklyn,17,17,1,17K524,High School,373,2,,,,2,,1:187
Brooklyn,17,17,1,17K528,High School,208,2,,,,2,,1:104
Brooklyn,17,17,1,17K531,Secondary School,382,2,,,,2,,1:191
Brooklyn,17,17,1,17K532,Elementary,319,1,,,,1,,1:319
Brooklyn,17,17,1,17K533,Secondary School,251,2,,,,2,,1:126
Brooklyn,17,17,1,17K537,High School,357,2,,,,2,,1:357
Brooklyn,17,17,1,17K539,High School,367,1,,,,1,,1:367
Brooklyn,17,17,1,17K543,Secondary School,518,2,,,,2,,1:259
Brooklyn,17,17,1,17K546,High School,455,2,,,,2,,1:228
Brooklyn,17,17,1,17K547,High School,398,3,,,,3,,1:133
Brooklyn,17,17,1,17K548,High School,329,1,,,,1,,1:329
Brooklyn,17,17,1,17K568,High School,129,1,,,,1,,1:129
Brooklyn,17,17,1,17K590,Secondary School,1214,3,,,,3,,1:405
Brooklyn,17,17,1,17K600,High School,1238,6,,,,6,,1:206
Brooklyn,17,17,1,17K705,Elementary,278,1,,,,1,,1:278
Brooklyn,17,17,1,17K722,Junior High-Intermediate-Middle,254,2,,,,2,,1:127
Brooklyn,17,17,1,17K745,High School,336,2,,,,2,,1:168
Brooklyn,17,17,1,17K751,High School,346,2,,1,1,3,Yes,1:173
Brooklyn,17,17,1,17K770,Elementary,251,,,,,0,,0
Brooklyn,18,18,3,18K066,K-8,784,1,1,,1,2,,1:784
Brooklyn,18,18,3,18K068,Junior High-Intermediate-Middle,437,1,,,,1,,1:437
Brooklyn,18,18,3,18K114,Elementary,507,,,,,0,,0
Brooklyn,18,18,3,18K115,Elementary,939,,,,,0,,0
Brooklyn,18,18,3,18K135,Elementary,605,,,,,0,,0
Brooklyn,18,18,3,18K208,Elementary,390,,,,,0,,0
Brooklyn,18,18,3,18K211,Junior High-Intermediate-Middle,567,2,,,,2,,1:284
Brooklyn,18,18,3,18K219,Elementary,439,,,,,0,,0
Brooklyn,18,18,3,18K233,Elementary,424,,,,,0,,0
Brooklyn,18,18,3,18K235,K-8,1221,1,,,,1,,1:611
Brooklyn,18,18,3,18K244,Elementary,553,,,,,0,,0
Brooklyn,18,18,3,18K268,Elementary,356,,,,,0,,0
Brooklyn,18,18,3,18K272,Elementary,411,,,,,0,,0
Brooklyn,18,18,3,18K276,Elementary,589,,,,,0,,0
Brooklyn,18,18,3,18K279,Elementary,415,,,,,0,,0
Brooklyn,18,18,3,18K285,Junior High-Intermediate-Middle,689,1,,,,1,,1:689
Brooklyn,18,18,3,18K366,Junior High-Intermediate-Middle,488,3,,,,3,,1:163
Brooklyn,18,18,3,18K563,High School,588,2,,,,2,,1:196
Brooklyn,18,18,3,18K566,High School,201,2,,,,2,,1:101
Brooklyn,18,18,3,18K567,High School,332,2,,,,2,,1:166
Brooklyn,18,18,3,18K569,High School,349,2,,,,2,,1:175
Brooklyn,18,18,3,18K576,High School,320,1,,,,1,,1:320
Brooklyn,18,18,3,18K578,High School,190,1,,,,1,,1:190
Brooklyn,18,18,3,18K581,Junior High-Intermediate-Middle,125,1,,,,1,,1:125
Brooklyn,18,18,3,18K588,Junior High-Intermediate-Middle,205,1,,,,1,,1:205
Brooklyn,18,18,3,18K589,High School,209,1,,,,1,,1:209
Brooklyn,18,18,3,18K598,Junior High-Intermediate-Middle,173,1,,,,1,,1:173
Brooklyn,18,18,3,18K617,High School,272,2,,,,2,,1:136
Brooklyn,18,18,3,18K629,High School,319,2,,,,2,,1:160
Brooklyn,18,18,3,18K633,High School,403,3,,,,3,,1:134
Brooklyn,18,18,3,18K635,High School,147,1,,,,1,,1:147
Brooklyn,18,18,3,18K637,High School,263,2,,,,2,,1:132
Brooklyn,18,18,3,18K642,High School,271,2,,,,2,,1:271
Brooklyn,18,18,3,18K673,High School,135,1,,,,1,,1:135
Brooklyn,18,18,3,18K763,Junior High-Intermediate-Middle,148,1,,,,1,,1:148
Brooklyn,19,19,1,19K007,Elementary,890,,,,,0,,0
Brooklyn,19,19,1,19K013,Elementary,442,,,,,0,,0
Brooklyn,19,19,1,19K065,Elementary,631,1,,,,1,,1:631
Brooklyn,19,19,1,19K089,K-8,434,1,,,,1,,1:434
Brooklyn,19,19,1,19K108,Elementary,821,,,,,0,,0
Brooklyn,19,19,1,19K149,Elementary,614,1,,,,1,,1:614
Brooklyn,19,19,1,19K158,Elementary,510,,,,,0,,0
Brooklyn,19,19,1,19K159,Elementary,779,,,,,0,,0
Brooklyn,19,19,1,19K171,Junior High-Intermediate-Middle,528,1,,,,1,,1:528
Brooklyn,19,19,1,19K174,K-8,38,,,,,0,,0
Brooklyn,19,19,1,19K190,Elementary,147,,,,,0,,0
Brooklyn,19,19,1,19K202,Elementary,431,1,,,,1,,1:431
Brooklyn,19,19,1,19K213,Elementary,297,1,,,,1,,1:297
Brooklyn,19,19,1,19K214,Elementary,813,,,,,0,,0
Brooklyn,19,19,1,19K218,Junior High-Intermediate-Middle,394,2,,,,2,,1:197
Brooklyn,19,19,1,19K224,Elementary,423,,,,,0,,0
Brooklyn,19,19,1,19K273,Elementary,308,1,,,,1,,1:308
Brooklyn,19,19,1,19K290,Elementary,535,,,,,0,,0
Brooklyn,19,19,1,19K292,Junior High-Intermediate-Middle,585,2,,,,2,,1:293
Brooklyn,19,19,1,19K306,K-8,499,2,,,,2,,1:250
Brooklyn,19,19,1,19K311,Junior High-Intermediate-Middle,110,1,,,,1,,1:110
Brooklyn,19,19,1,19K325,Elementary,227,1,,,,1,,1:227
Brooklyn,19,19,1,19K328,Elementary,235,,,,,0,,0
Brooklyn,19,19,1,19K345,Elementary,577,,,,,0,,0
Brooklyn,19,19,1,19K346,Elementary,579,1,,,,1,,1:579
Brooklyn,19,19,1,19K364,Junior High-Intermediate-Middle,304,2,,,,2,,1:152
Brooklyn,19,19,1,19K404,Secondary School,554,2,,,,2,,1:277
Brooklyn,19,19,1,19K409,Secondary School,466,,,,,0,,0
Brooklyn,19,19,1,19K422,Secondary School,299,2,,,,2,,1:150
Brooklyn,19,19,1,19K452,Junior High-Intermediate-Middle,303,1,,,,1,,1:303
Brooklyn,19,19,1,19K502,High School,297,1,,,,1,,1:297
Brooklyn,19,19,1,19K504,High School,248,2,,,,2,,1:124
Brooklyn,19,19,1,19K507,High School,394,1,,,,1,,1:394
Brooklyn,19,19,1,19K510,High School,220,1,,,,1,,1:220
Brooklyn,19,19,1,19K557,Elementary,224,1,,,,1,,1:224
Brooklyn,19,19,1,19K583,High School,182,1,,1,1,2,Yes,1:182
Brooklyn,19,19,1,19K615,High School,931,4,,,,4,,1:233
Brooklyn,19,19,1,19K618,High School,375,2,,,,2,,1:188
Brooklyn,19,19,1,19K639,High School,286,2,,1,1,3,Yes,1:143
Brooklyn,19,19,1,19K654,Junior High-Intermediate-Middle,280,,,,,0,,0
Brooklyn,19,19,1,19K659,High School,206,3,,,,3,,1:69
Brooklyn,19,19,1,19K660,High School,442,4,,,,4,,1:111
Brooklyn,19,19,1,19K661,Junior High-Intermediate-Middle,327,1,,,,1,,1:327
Brooklyn,19,19,1,19K662,Junior High-Intermediate-Middle,420,2,,,,2,,1:210
Brooklyn,19,19,1,19K663,Junior High-Intermediate-Middle,151,1,,,,1,,1:151
Brooklyn,19,19,1,19K677,Elementary,507,1,,,,1,,1:507
Brooklyn,19,19,1,19K678,Junior High-Intermediate-Middle,250,1,,,,1,,1:250
Brooklyn,19,19,1,19K683,High School,277,2,,,,2,,1:139
Brooklyn,19,19,1,19K760,Junior High-Intermediate-Middle,196,1,,,,1,,1:196
Brooklyn,19,19,1,19K764,High School,142,,,2,2,2,Yes,0
Brooklyn,20,20,3,20K030,K-8,696,2,,,,2,,1:348
Brooklyn,20,20,3,20K048,Elementary,552,,,,,0,,0
Brooklyn,20,20,3,20K062,Junior High-Intermediate-Middle,1136,4,,,,4,,1:284
Brooklyn,20,20,3,20K069,Elementary,819,,,,,0,,0
Brooklyn,20,20,3,20K102,Elementary,1374,1,,,,1,,1:1374
Brooklyn,20,20,3,20K104,K-8,1185,3,,,,3,,1:395
Brooklyn,20,20,3,20K105,Elementary,1594,,,,,0,,0
Brooklyn,20,20,3,20K112,Elementary,578,,,,,0,,0
Brooklyn,20,20,3,20K127,Elementary,498,,,,,0,,0
Brooklyn,20,20,3,20K160,Elementary,1331,,,,,0,,0
Brooklyn,20,20,3,20K163,K-8,617,1,,,,1,,1:617
Brooklyn,20,20,3,20K164,Elementary,518,,,,,0,,0
Brooklyn,20,20,3,20K170,Elementary,986,1,,,,1,,1:986
Brooklyn,20,20,3,20K176,Elementary,1380,1,,,,1,,1:1380
Brooklyn,20,20,3,20K179,Elementary,843,,,,,0,,0
Brooklyn,20,20,3,20K180,K-8,1046,1,,,,1,,1:523
Brooklyn,20,20,3,20K185,Elementary,646,,,,,0,,0
Brooklyn,20,20,3,20K186,Elementary,941,,,,,0,,0
Brooklyn,20,20,3,20K187,Junior High-Intermediate-Middle,992,3,,,,3,,1:331
Brooklyn,20,20,3,20K192,K-8,619,1,,,,1,,1:619
Brooklyn,20,20,3,20K200,Elementary,1216,,,,,0,,0
Brooklyn,20,20,3,20K201,Junior High-Intermediate-Middle,1452,4,,,,4,,1:363
Brooklyn,20,20,3,20K204,Elementary,1100,,,,,0,,0
Brooklyn,20,20,3,20K205,Elementary,1092,,,,,0,,0
Brooklyn,20,20,3,20K220,Junior High-Intermediate-Middle,1385,4,,,,4,,1:277
Brooklyn,20,20,3,20K223,Junior High-Intermediate-Middle,964,3,,,,3,,1:321
Brooklyn,20,20,3,20K227,Junior High-Intermediate-Middle,1254,5,,,,5,,1:251
Brooklyn,20,20,3,20K229,K-8,1143,1,1,,1,2,,1:1143
Brooklyn,20,20,3,20K247,Elementary,783,1,,,,1,,1:783
Brooklyn,20,20,3,20K259,Junior High-Intermediate-Middle,1587,5,,,,5,,1:317
Brooklyn,20,20,3,20K264,Elementary,468,,,,,0,,0
Brooklyn,20,20,3,20K310,Elementary,425,,,,,0,,0
Brooklyn,20,20,3,20K445,High School,3423,17,,,,17,,1:201
Brooklyn,20,20,3,20K485,High School,1239,4,,,,4,,1:310
Brooklyn,20,20,3,20K490,High School,4179,19,1,,1,20,,1:220
Brooklyn,20,20,3,20K503,Elementary,1064,1,,,,1,,1:1064
Brooklyn,20,20,3,20K505,High School,2965,14,,,,14,,1:212
Brooklyn,20,20,3,20K506,Elementary,777,,,,,0,,0
Brooklyn,20,20,3,20K609,Secondary School,509,2,,,,2,,1:255
Brooklyn,20,20,3,20K682,Elementary,347,1,,,,1,,1:347
Brooklyn,20,20,3,20K686,K-8,515,,,,,0,,0
Brooklyn,20,20,3,20K748,Elementary,560,1,,,,1,,1:560
Brooklyn,20,20,3,20K971,Elementary,355,1,,,,1,,1:355
Brooklyn,21,21,2,21K090,Elementary,539,,,,,0,,0
Brooklyn,21,21,2,21K095,K-8,870,1,,,,1,,1:870
Brooklyn,21,21,2,21K096,Junior High-Intermediate-Middle,619,2,,,,2,,1:310
Brooklyn,21,21,2,21K097,Elementary,754,,,,,0,,0
Brooklyn,21,21,2,21K098,Junior High-Intermediate-Middle,1474,2,,,,2,,1:737
Brooklyn,21,21,2,21K099,K-8,813,1,,,,1,,1:813
Brooklyn,21,21,2,21K100,Elementary,693,,,,,0,,0
Brooklyn,21,21,2,21K101,Elementary,862,,,,,0,,0
Brooklyn,21,21,2,21K121,K-8,320,1,,,,1,,1:320
Brooklyn,21,21,2,21K128,Elementary,407,,,,,0,,0
Brooklyn,21,21,2,21K153,Elementary,466,,,,,0,,0
Brooklyn,21,21,2,21K177,Elementary,892,,,,,0,,0
Brooklyn,21,21,2,21K188,Elementary,435,1,,,,1,,1:435
Brooklyn,21,21,2,21K199,Elementary,446,,,,,0,,0
Brooklyn,21,21,2,21K209,K-8,652,1,,,,1,,1:652
Brooklyn,21,21,2,21K212,Elementary,613,1,,,,1,,1:613
Brooklyn,21,21,2,21K215,Elementary,852,2,,,,2,,1:426
Brooklyn,21,21,2,21K216,Elementary,572,,,,,0,,0
Brooklyn,21,21,2,21K225,K-8,927,1,,,,1,,1:927
Brooklyn,21,21,2,21K226,K-8,933,2,,,,2,,1:467
Brooklyn,21,21,2,21K228,Junior High-Intermediate-Middle,1341,5,,,,5,,1:268
Brooklyn,21,21,2,21K238,K-8,490,1,,,,1,,1:490
Brooklyn,21,21,2,21K239,Junior High-Intermediate-Middle,1333,5,,,,5,,1:267
Brooklyn,21,21,2,21K253,Elementary,781,,,,,0,,0
Brooklyn,21,21,2,21K281,Junior High-Intermediate-Middle,1143,4,,,,4,,1:286
Brooklyn,21,21,2,21K288,K-8,524,1,,,,1,,1:524
Brooklyn,21,21,2,21K303,Junior High-Intermediate-Middle,480,2,,,,2,,1:240
Brooklyn,21,21,2,21K329,Elementary,364,,,,,0,,0
Brooklyn,21,21,2,21K337,High School,325,1,,,,1,,1:325
Brooklyn,21,21,2,21K344,High School,521,3,,,,3,,1:174
Brooklyn,21,21,2,21K348,High School,243,1,,,,1,,1:243
Brooklyn,21,21,2,21K410,High School,1921,12,,,,12,,1:160
Brooklyn,21,21,2,21K468,Secondary School,582,3,,,,3,,1:194
Brooklyn,21,21,2,21K525,High School,3742,16,,,,16,,1:220
Brooklyn,21,21,2,21K540,High School,2069,6,,,,6,,1:296
Brooklyn,21,21,2,21K559,High School,257,1,,,,1,,1:257
Brooklyn,21,21,2,21K572,High School,275,1,,,,1,,1:275
Brooklyn,21,21,2,21K620,High School,486,3,,,,3,,1:162
Brooklyn,21,21,2,21K690,Secondary School,884,4,,,,4,,1:177
Brooklyn,21,21,2,21K728,High School,159,1,,,,1,,1:159
Brooklyn,22,22,2,22K014,Junior High-Intermediate-Middle,522,2,,,,2,,1:261
Brooklyn,22,22,2,22K052,Elementary,765,,,,,0,,0
Brooklyn,22,22,2,22K078,Junior High-Intermediate-Middle,619,3,,,,3,,1:206
Brooklyn,22,22,2,22K109,K-8,601,2,,,,2,,1:301
Brooklyn,22,22,2,22K119,Elementary,360,,,,,0,,0
Brooklyn,22,22,2,22K134,Elementary,520,,,,,0,,0
Brooklyn,22,22,2,22K139,Elementary,891,1,,,,1,,1:891
Brooklyn,22,22,2,22K152,Elementary,734,1,,,,1,,1:734
Brooklyn,22,22,2,22K193,Elementary,830,2,,,,2,,1:830
Brooklyn,22,22,2,22K194,Elementary,439,1,,,,1,,1:439
Brooklyn,22,22,2,22K195,Elementary,437,,1,,1,1,,0
Brooklyn,22,22,2,22K197,Elementary,518,1,1,,1,2,,1:518
Brooklyn,22,22,2,22K198,Elementary,413,,,,,0,,0
Brooklyn,22,22,2,22K203,Elementary,676,,,,,0,,0
Brooklyn,22,22,2,22K206,K-8,1368,2,,,,2,,1:684
Brooklyn,22,22,2,22K207,K-8,1210,2,,,,2,,1:605
Brooklyn,22,22,2,22K217,Elementary,1122,,,,,0,,0
Brooklyn,22,22,2,22K222,Elementary,827,1,,,,1,,1:827
Brooklyn,22,22,2,22K234,Junior High-Intermediate-Middle,1962,7,,,,7,,1:280
Brooklyn,22,22,2,22K236,Elementary,519,1,,,,1,,1:519
Brooklyn,22,22,2,22K240,Junior High-Intermediate-Middle,805,2,,,,2,,1:403
Brooklyn,22,22,2,22K245,Elementary,281,,,,,0,,0
Brooklyn,22,22,2,22K251,Elementary,506,,,,,0,,0
Brooklyn,22,22,2,22K254,Elementary,702,,,,,0,,0
Brooklyn,22,22,2,22K255,Elementary,844,1,,,,1,,1:844
Brooklyn,22,22,2,22K269,Elementary,339,1,,,,1,,1:339
Brooklyn,22,22,2,22K277,Elementary,417,1,,,,1,,1:417
Brooklyn,22,22,2,22K278,Junior High-Intermediate-Middle,905,6,,,,6,,1:181
Brooklyn,22,22,2,22K312,Elementary,792,,,,,0,,0
Brooklyn,22,22,2,22K315,Elementary,662,,,,,0,,0
Brooklyn,22,22,2,22K326,Early Childhood,180,,,,,0,,0
Brooklyn,22,22,2,22K361,Early Childhood,449,,,,,0,,0
Brooklyn,22,22,2,22K381,Junior High-Intermediate-Middle,297,2,,,,2,,1:149
Brooklyn,22,22,2,22K405,High School,3909,17,,,,17,,1:230
Brooklyn,22,22,2,22K425,High School,3100,14,,,,14,,1:221
Brooklyn,22,22,2,22K495,High School,117,4,,,,4,,1:29
Brooklyn,22,22,2,22K535,High School,1034,4,,,,4,,1:259
Brooklyn,22,15,2,22K555,High School,589,2,,,,2,,1:295
Brooklyn,22,22,2,22K611,High School,316,2,,,,2,,1:158
Brooklyn,22,22,2,22K630,High School,134,2,,,,2,,1:67
Brooklyn,23,23,3,23K041,K-8,465,1,,,,1,,1:465
Brooklyn,23,23,3,23K073,K-8,29,,,,,0,,0
Brooklyn,23,23,3,23K137,K-8,262,1,,,,1,,1:262
Brooklyn,23,23,3,23K150,Elementary,172,,,,,0,,0
Brooklyn,23,23,3,23K155,K-8,426,,,,,0,,0
Brooklyn,23,23,3,23K156,Elementary,655,,,,,0,,0
Brooklyn,23,23,3,23K165,K-8,329,1,,,,1,,1:329
Brooklyn,23,23,3,23K178,K-8,314,1,,,,1,,1:314
Brooklyn,23,23,3,23K184,K-8,440,,,,,0,,0
Brooklyn,23,23,3,23K284,K-8,486,2,,,,2,,1:243
Brooklyn,23,23,3,23K298,Elementary,178,1,,,,1,,1:178
Brooklyn,23,23,3,23K323,K-8,381,,,,,0,,0
Brooklyn,23,23,3,23K327,K-8,447,2,,,,2,,1:447
Brooklyn,23,23,3,23K363,Junior High-Intermediate-Middle,88,1,,,,1,,1:88
Brooklyn,23,23,3,23K392,Junior High-Intermediate-Middle,256,1,,,,1,,1:256
Brooklyn,23,23,3,23K401,Elementary,236,1,,,,1,,1:236
Brooklyn,23,23,3,23K446,Elementary,301,1,,,,1,,1:301
Brooklyn,23,23,3,23K493,High School,288,1,,,,1,,1:288
Brooklyn,23,23,3,23K514,High School,209,1,,,,1,,1:209
Brooklyn,23,23,3,23K518,Junior High-Intermediate-Middle,185,1,,,,1,,1:185
Brooklyn,23,23,3,23K522,Junior High-Intermediate-Middle,178,1,,,,1,,1:178
Brooklyn,23,23,3,23K599,Elementary,198,,,,,0,,0
Brooklyn,23,23,3,23K643,High School,142,1,,,,1,,1:142
Brooklyn,23,23,3,23K644,Secondary School,573,,,,,0,,0
Brooklyn,23,23,3,23K646,High School,170,1,,,,1,,1:170
Brooklyn,23,23,3,23K647,High School,141,1,,,,1,,1:141
Brooklyn,23,23,3,23K664,Junior High-Intermediate-Middle,106,1,,,,1,,1:106
Brooklyn,23,23,3,23K668,Junior High-Intermediate-Middle,106,1,,,,1,,1:106
Brooklyn,23,23,3,23K671,Junior High-Intermediate-Middle,198,1,,,,1,,1:198
Brooklyn,23,23,3,23K697,Secondary School,312,1,,,,1,,1:312
Queens,24,24,3,24Q005,Junior High-Intermediate-Middle,1788,6,,,,6,,1:298
Queens,24,24,3,24Q007,Elementary,974,1,,,,1,,1:974
Queens,24,24,3,24Q012,Elementary,1238,1,,,,1,,1:1238
Queens,24,24,3,24Q013,Elementary,1578,,,,,0,,0
Queens,24,24,3,24Q014,Elementary,1698,,,,,0,,0
Queens,24,24,3,24Q016,Elementary,1664,2,,,,2,,1:832
Queens,24,24,3,24Q019,Elementary,1940,1,,,,1,,1:1940
Queens,24,24,3,24Q028,Early Childhood,506,1,,,,1,,1:506
Queens,24,24,3,24Q049,K-8,1091,1,,,,1,,1:1091
Queens,24,24,3,24Q058,Elementary,951,1,,,,1,,1:951
Queens,24,24,3,24Q061,Junior High-Intermediate-Middle,2101,4,,,,4,,1:525
Queens,24,24,3,24Q068,Elementary,671,,,,,0,,0
Queens,24,24,3,24Q071,Elementary,778,1,,,,1,,1:778
Queens,24,24,3,24Q073,Junior High-Intermediate-Middle,1937,5,,,,5,,1:387
Queens,24,24,3,24Q077,Junior High-Intermediate-Middle,982,3,,,,3,,1:327
Queens,24,24,3,24Q081,Elementary,784,,,,,0,,0
Queens,24,24,3,24Q087,K-8,521,,,,,0,,0
Queens,24,24,3,24Q088,Elementary,989,,,,,0,,0
Queens,24,24,3,24Q089,Elementary,1943,1,,,,1,,1:1943
Queens,24,24,3,24Q091,Elementary,699,,,,,0,,0
Queens,24,24,3,24Q093,Junior High-Intermediate-Middle,1109,3,,,,3,,1:370
Queens,24,24,3,24Q102,K-8,1245,3,,,,3,,1:415
Queens,24,24,3,24Q110,Elementary,377,1,,,,1,,1:377
Queens,24,24,3,24Q113,K-8,927,1,,,,1,,1:927
Queens,24,24,3,24Q119,K-8,1157,3,,,,3,,1:386
Queens,24,24,3,24Q125,Junior High-Intermediate-Middle,1460,4,,,,4,,1:365
Queens,24,24,3,24Q128,K-8,939,3,,,,3,,1:313
Queens,24,24,3,24Q143,Elementary,1671,2,,,,2,,1:836
Queens,24,24,3,24Q153,Elementary,1273,1,,,,1,,1:1273
Queens,24,24,3,24Q199,Elementary,988,,,,,0,,0
Queens,24,24,3,24Q211,Elementary,222,1,,,,1,,1:222
Queens,24,24,3,24Q229,Elementary,1371,1,,,,1,,1:1371
Queens,24,24,3,24Q236,High School,219,1,,,,1,,1:219
Queens,24,24,3,24Q239,Elementary,557,1,,,,1,,1:557
Queens,24,24,3,24Q264,High School,508,2,,,,2,,1:254
Queens,24,24,3,24Q267,High School,392,2,,,,2,,1:196
Queens,24,24,3,24Q290,Elementary,488,1,,,,1,,1:488
Queens,24,24,3,24Q293,High School,457,1,,,,1,,1:457
Queens,24,24,3,24Q296,High School,358,2,,,,2,,1:179
Queens,24,24,3,24Q299,High School,595,2,,,,2,,1:298
Queens,24,24,3,24Q305,Elementary,430,1,,,,1,,1:430
Queens,24,24,3,24Q307,Elementary,972,2,,,,2,,1:486
Queens,24,24,3,24Q311,Junior High-Intermediate-Middle,298,1,,,,1,,1:298
Queens,24,24,3,24Q330,Elementary,627,1,,,,1,,1:627
Queens,24,24,3,24Q343,Elementary,172,1,,,,1,,1:172
Queens,24,24,3,24Q455,High School,1759,8,,,,8,,1:220
Queens,24,24,3,24Q485,High School,1578,7,1,,1,8,,1:225
Queens,24,24,3,24Q520,High School,492,1,,,,1,,1:492
Queens,24,24,3,24Q530,High School,487,1,,,,1,,1:487
Queens,24,24,3,24Q550,High School,785,4,,,,4,,1:196
Queens,24,24,3,24Q560,Secondary School,608,3,1,,1,4,,1:203
Queens,24,24,3,24Q585,High School,964,3,,,,3,,1:321
Queens,24,24,3,24Q600,High School,1511,6,,,,6,,1:252
Queens,24,24,3,24Q610,High School,2112,6,,,,6,,1:352
Queens,24,24,3,24Q744,High School,122,1,,,,1,,1:122
Queens,24,24,3,24Q877,Elementary,477,1,,,,1,,1:477
Queens,25,25,1,25Q020,Elementary,1216,1,,,,1,,1:1216
Queens,25,25,1,25Q021,Elementary,1237,,,,,0,,0
Queens,25,25,1,25Q022,Elementary,789,,,,,0,,0
Queens,25,25,1,25Q024,Elementary,970,,,,,0,,0
Queens,25,25,1,25Q025,Junior High-Intermediate-Middle,834,2,,,,2,,1:417
Queens,25,25,1,25Q029,Elementary,686,1,,,,1,,1:686
Queens,25,25,1,25Q032,Elementary,894,,,,,0,,0
Queens,25,25,1,25Q079,Elementary,1001,1,,,,1,,1:1001
Queens,25,25,1,25Q107,Elementary,877,,,,,0,,0
Queens,25,25,1,25Q120,Elementary,938,1,,,,1,,1:938
Queens,25,25,1,25Q129,Elementary,1025,,,,,0,,0
Queens,25,26,1,25Q130,Elementary,311,,,,,0,,0
Queens,25,25,1,25Q154,Elementary,672,,,,,0,,0
Queens,25,25,1,25Q163,Elementary,602,1,,,,1,,1:602
Queens,25,25,1,25Q164,K-8,603,1,,,,1,,1:603
Queens,25,25,1,25Q165,Elementary,686,,,,,0,,0
Queens,25,25,1,25Q169,Elementary,377,,,,,0,,0
Queens,25,25,1,25Q184,Elementary,472,1,,,,1,,1:472
Queens,25,25,1,25Q185,Junior High-Intermediate-Middle,1510,4,,,,4,,1:378
Queens,25,25,1,25Q189,Junior High-Intermediate-Middle,676,2,,,,2,,1:338
Queens,25,25,1,25Q193,Elementary,460,1,,,,1,,1:460
Queens,25,25,1,25Q194,Junior High-Intermediate-Middle,1092,2,1,,1,3,,1:546
Queens,25,25,1,25Q200,K-8,422,2,,,,2,,1:211
Queens,25,25,1,25Q201,Elementary,422,1,,,,1,,1:422
Queens,25,25,1,25Q209,Elementary,556,,,,,0,,0
Queens,25,25,1,25Q214,Elementary,513,1,,,,1,,1:513
Queens,25,25,1,25Q219,K-8,601,2,,,,2,,1:301
Queens,25,25,1,25Q237,Junior High-Intermediate-Middle,1201,4,,,,4,,1:300
Queens,25,25,1,25Q240,High School,402,2,,,,2,,1:402
Queens,25,25,1,25Q241,High School,284,1,,,,1,,1:284
Queens,25,25,1,25Q242,Elementary,333,,,,,0,,0
Queens,25,25,1,25Q244,Elementary,395,,,,,0,,0
Queens,25,25,1,25Q250,Junior High-Intermediate-Middle,365,2,,,,2,,1:183
Queens,25,25,1,25Q252,Secondary School,540,3,,,,3,,1:180
Queens,25,25,1,25Q263,High School,405,2,,,,2,,1:203
Queens,25,25,1,25Q281,Secondary School,666,2,,,,2,,1:666
Queens,25,25,1,25Q285,Secondary School,586,2,,,,2,,1:293
Queens,25,25,1,25Q294,Junior High-Intermediate-Middle,364,,,,,0,,0
Queens,25,25,1,25Q425,High School,3267,16,,,,16,,1:204
Queens,25,25,1,25Q460,High School,1675,9,,,,9,,1:186
Queens,25,25,1,25Q499,K-8,464,1,,,,1,,1:464
Queens,25,25,1,25Q525,High School,1129,5,1,,1,6,,1:226
Queens,25,25,1,25Q540,High School,270,1,,,,1,,1:270
Queens,25,25,1,25Q670,High School,695,3,,,,3,,1:232
Queens,25,25,1,25Q792,High School,142,1,,,,1,,1:142
Queens,26,26,2,26Q018,Elementary,616,1,,,,1,,1:616
Queens,26,26,2,26Q026,Elementary,609,,,,,0,,0
Queens,26,26,2,26Q031,Elementary,488,,,,,0,,0
Queens,26,26,2,26Q041,Elementary,513,,,,,0,,0
Queens,26,26,2,26Q046,Elementary,593,,,,,0,,0
Queens,26,26,2,26Q067,Junior High-Intermediate-Middle,887,1,,,,1,,1:444
Queens,26,26,2,26Q074,Junior High-Intermediate-Middle,1109,3,,,,3,,1:370
Queens,26,26,2,26Q094,Elementary,355,,,,,0,,0
Queens,26,26,2,26Q098,Elementary,203,,1,,1,1,,0
Queens,26,26,2,26Q115,Elementary,631,,,,,0,,0
Queens,26,26,2,26Q133,Elementary,428,,,,,0,,0
Queens,26,26,2,26Q158,Junior High-Intermediate-Middle,1048,4,,,,4,,1:262
Queens,26,26,2,26Q159,Elementary,595,,,,,0,,0
Queens,26,26,2,26Q162,Elementary,671,1,,,,1,,1:671
Queens,26,26,2,26Q172,Junior High-Intermediate-Middle,961,2,,,,2,,1:481
Queens,26,26,2,26Q173,Elementary,899,1,,,,1,,1:899
Queens,26,26,2,26Q178,K-8,523,1,,,,1,,1:523
Queens,26,26,2,26Q186,Elementary,343,1,,,,1,,1:343
Queens,26,26,2,26Q188,Elementary,684,,,,,0,,0
Queens,26,26,2,26Q191,Elementary,342,,,,,0,,0
Queens,26,26,2,26Q203,Elementary,853,,,,,0,,0
Queens,26,26,2,26Q205,Elementary,272,,,,,0,,0
Queens,26,26,2,26Q213,Elementary,368,,,,,0,,0
Queens,26,26,2,26Q216,Junior High-Intermediate-Middle,1367,1,,,,1,,1:1367
Queens,26,26,2,26Q221,Elementary,601,2,,,,2,,1:301
Queens,26,26,2,26Q266,K-8,634,1,,,,1,,1:634
Queens,26,26,2,26Q315,High School,197,1,,,,1,,1:99
Queens,26,26,2,26Q415,High School,3535,14,,,,14,,1:253
Queens,26,26,2,26Q430,High School,4150,9,,,,9,,1:461
Queens,26,26,2,26Q435,High School,1328,6,,,,6,,1:221
Queens,26,26,2,26Q495,High School,3086,10,,,,10,,1:309
Queens,26,26,2,26Q566,High School,1083,6,,,,6,,1:181
Queens,27,27,3,27Q042,K-8,597,2,,,,2,,1:299
Queens,27,27,3,27Q043,K-8,848,1,,,,1,,1:848
Queens,27,27,3,27Q045,Elementary,336,1,,,,1,,1:336
Queens,27,27,3,27Q047,K-8,197,,,,,0,,0
Queens,27,27,3,27Q051,Early Childhood,193,,,,,0,,0
Queens,27,27,3,27Q053,Junior High-Intermediate-Middle,287,2,,,,2,,1:144
Queens,27,27,3,27Q056,Elementary,375,,,,,0,,0
Queens,27,27,3,27Q060,Elementary,1115,,,,,0,,0
Queens,27,27,3,27Q062,Elementary,872,,,,,0,,0
Queens,27,27,3,27Q063,Elementary,1289,,,,,0,,0
Queens,27,27,3,27Q064,Elementary,637,1,,,,1,,1:637
Queens,27,27,3,27Q065,Elementary,468,,,,,0,,0
Queens,27,27,3,27Q066,Elementary,472,,,,,0,,0
Queens,27,27,3,27Q090,Elementary,770,,,,,0,,0
Queens,27,27,3,27Q096,Elementary,260,1,,,,1,,1:260
Queens,27,27,3,27Q097,Elementary,666,,,,,0,,0
Queens,27,27,3,27Q100,Elementary,856,,,,,0,,0
Queens,27,27,3,27Q104,Elementary,607,,,,,0,,0
Queens,27,27,3,27Q105,K-8,799,2,,,,2,,1:400
Queens,27,27,3,27Q106,Elementary,187,,,,,0,,0
Queens,27,27,3,27Q108,Elementary,1377,1,,,,1,,1:1377
Queens,27,27,3,27Q114,K-8,634,1,,,,1,,1:634
Queens,27,27,3,27Q123,Elementary,606,,,,,0,,0
Queens,27,27,3,27Q124,K-8,1252,3,,,,3,,1:417
Queens,27,27,3,27Q137,Junior High-Intermediate-Middle,1847,5,,,,5,,1:369
Queens,27,27,3,27Q146,K-8,666,1,,,,1,,1:333
Queens,27,27,3,27Q155,Elementary,479,,,,,0,,0
Queens,27,27,3,27Q183,K-8,510,1,,,,1,,1:510
Queens,27,27,3,27Q197,Elementary,458,1,,,,1,,1:458
Queens,27,27,3,27Q202,Junior High-Intermediate-Middle,1036,4,,,,4,,1:259
Queens,27,27,3,27Q207,K-8,655,2,,,,2,,1:328
Queens,27,27,3,27Q210,Junior High-Intermediate-Middle,1818,5,,,,5,,1:364
Queens,27,27,3,27Q223,Elementary,536,,,,,0,,0
Queens,27,27,3,27Q226,Junior High-Intermediate-Middle,886,3,,,,3,,1:295
Queens,27,27,3,27Q232,K-8,1030,1,,,,1,,1:1030
Queens,27,27,3,27Q253,Elementary,509,1,,,,1,,1:509
Queens,27,27,3,27Q254,Elementary,620,1,,,,1,,1:620
Queens,27,27,3,27Q260,High School,328,2,,,,2,,1:164
Queens,27,27,3,27Q261,High School,194,1,,,,1,,1:194
Queens,27,27,3,27Q262,Secondary School,718,2,,,,2,,1:359
Queens,27,27,3,27Q273,Elementary,312,,,,,0,,0
Queens,27,27,3,27Q282,Junior High-Intermediate-Middle,258,1,,,,1,,1:258
Queens,27,27,3,27Q297,Junior High-Intermediate-Middle,344,2,,,,2,,1:172
Queens,27,27,3,27Q302,High School,380,3,,,,3,,1:127
Queens,27,27,3,27Q306,Elementary,397,1,,,,1,,1:397
Queens,27,27,3,27Q308,High School,596,3,,,,3,,1:199
Queens,27,27,3,27Q309,Secondary School,566,4,,,,4,,1:142
Queens,27,27,3,27Q314,High School,165,1,,,,1,,1:165
Queens,27,27,3,27Q316,Elementary,137,1,,,,1,,1:137
Queens,27,27,3,27Q317,Elementary,409,1,,,,1,,1:409
Queens,27,27,3,27Q318,Junior High-Intermediate-Middle,207,1,,,,1,,1:207
Queens,27,27,3,27Q319,Junior High-Intermediate-Middle,296,1,,,,1,,1:296
Queens,27,27,3,27Q323,Secondary School,1295,3,,,,3,,1:432
Queens,27,27,3,27Q324,High School,321,2,,,,2,,1:161
Queens,27,27,3,27Q333,K-8,445,,,,,0,,0
Queens,27,27,3,27Q334,High School,174,,,,,0,,0
Queens,27,27,3,27Q351,High School,337,2,,,,2,,1:169
Queens,27,27,3,27Q362,Elementary,466,,,,,0,,0
Queens,27,27,3,27Q400,High School,368,3,,,,3,,1:123
Queens,27,27,3,27Q475,High School,1802,10,,,,10,,1:180
Queens,27,27,3,27Q480,High School,2101,13,,,,13,,1:150
Queens,27,27,3,27Q650,High School,963,5,,,,5,,1:193
Queens,28,28,3,28Q008,Junior High-Intermediate-Middle,339,2,,,,2,,1:170
Queens,28,28,3,28Q040,Elementary,468,,,,,0,,0
Queens,28,28,3,28Q048,Elementary,505,1,,,,1,,1:505
Queens,28,28,3,28Q050,Elementary,705,,,,,0,,0
Queens,28,28,3,28Q054,Elementary,554,,,,,0,,0
Queens,28,28,3,28Q055,Elementary,452,,,,,0,,0
Queens,28,28,3,28Q072,Junior High-Intermediate-Middle,570,2,,,,2,,1:285
Queens,28,28,3,28Q080,Elementary,476,,,,,0,,0
Queens,28,28,3,28Q082,Elementary,626,1,,,,1,,1:626
Queens,28,28,3,28Q086,Elementary,854,,,,,0,,0
Queens,28,28,3,28Q099,Elementary,804,,,,,0,,0
Queens,28,28,3,28Q101,Elementary,593,1,,,,1,,1:593
Queens,28,28,3,28Q117,Elementary,941,,,,,0,,0
Queens,28,28,3,28Q121,Elementary,875,,,,,0,,0
Queens,28,28,3,28Q139,Elementary,786,,,,,0,,0
Queens,28,28,3,28Q140,Elementary,455,,,,,0,,0
Queens,28,28,3,28Q144,Elementary,788,1,,,,1,,1:788
Queens,28,28,3,28Q157,Junior High-Intermediate-Middle,1583,3,,,,3,,1:528
Queens,28,28,3,28Q160,Elementary,607,,,,,0,,0
Queens,28,28,3,28Q161,Elementary,646,,,,,0,,0
Queens,28,28,3,28Q167,Secondary School,812,5,,,,5,,1:162
Queens,28,28,3,28Q174,Elementary,634,,,,,0,,0
Queens,28,28,3,28Q175,Elementary,700,1,,,,1,,1:700
Queens,28,28,3,28Q182,Elementary,866,,,,,0,,0
Queens,28,28,3,28Q190,Junior High-Intermediate-Middle,1022,4,,,,4,,1:256
Queens,28,28,3,28Q196,Elementary,868,,1,,1,1,,0
Queens,28,28,3,28Q206,Elementary,542,,,,,0,,0
Queens,28,28,3,28Q217,Junior High-Intermediate-Middle,1519,3,,,,3,,1:506
Queens,28,28,3,28Q220,Elementary,638,,,,,0,,0
Queens,28,28,3,28Q284,Secondary School,613,3,,,,3,,1:204
Queens,28,28,3,28Q287,Junior High-Intermediate-Middle,303,2,,,,2,,1:152
Queens,28,28,3,28Q303,Elementary,158,,,,,0,,0
Queens,28,28,3,28Q310,Secondary School,623,2,,,,2,,1:312
Queens,28,28,3,28Q312,Elementary,65,,,,,0,,0
Queens,28,28,3,28Q325,High School,455,2,,,,2,,1:228
Queens,28,28,3,28Q328,High School,433,1,,,,1,,1:433
Queens,28,28,3,28Q332,Junior High-Intermediate-Middle,193,1,,,,1,,1:193
Queens,28,28,3,28Q338,High School,117,1,,,,1,,1:117
Queens,28,28,3,28Q349,Elementary,70,,,,,0,,0
Queens,28,28,3,28Q350,High School,479,3,,,,3,,1:160
Queens,28,28,3,28Q354,Elementary,578,2,,,,2,,1:289
Queens,28,28,3,28Q358,Junior High-Intermediate-Middle,123,,,,,0,,0
Queens,28,28,3,28Q440,High School,3723,12,,,,12,,1:310
Queens,28,28,3,28Q505,High School,3100,17,,,,17,,1:194
Queens,28,28,3,28Q620,High School,2074,8,,,,8,,1:259
Queens,28,28,3,28Q680,Secondary School,716,3,,,,3,,1:239
Queens,28,28,3,28Q686,High School,1033,6,,,,6,,1:172
Queens,28,28,3,28Q687,High School,431,2,,,,2,,1:216
Queens,28,28,3,28Q690,High School,557,3,,,,3,,1:186
Queens,28,28,3,28Q896,Secondary School,544,2,,,,2,,1:181
Queens,29,29,1,29Q015,Elementary,407,1,,,,1,,1:407
Queens,29,29,1,29Q033,Elementary,1012,,,,,0,,0
Queens,29,29,1,29Q034,Elementary,511,1,,,,1,,1:511
Queens,29,29,1,29Q035,Elementary,578,,,,,0,,0
Queens,29,29,1,29Q036,Elementary,452,,,,,0,,0
Queens,29,29,1,29Q037,Elementary,477,1,,,,1,,1:477
Queens,29,29,1,29Q038,Elementary,202,1,,,,1,,1:202
Queens,29,29,1,29Q052,Elementary,428,,,,,0,,0
Queens,29,29,1,29Q059,Junior High-Intermediate-Middle,518,3,,,,3,,1:173
Queens,29,29,1,29Q095,Elementary,1447,1,,,,1,,1:1447
Queens,29,29,1,29Q109,Junior High-Intermediate-Middle,930,2,,,,2,,1:465
Queens,29,29,1,29Q116,K-8,650,1,,,,1,,1:650
Queens,29,29,1,29Q118,Elementary,467,,,,,0,,0
Queens,29,29,1,29Q131,Elementary,813,1,,,,1,,1:813
Queens,29,29,1,29Q132,Elementary,318,1,,,,1,,1:318
Queens,29,29,1,29Q134,Elementary,382,,,,,0,,0
Queens,29,29,1,29Q135,Elementary,895,1,,,,1,,1:895
Queens,29,29,1,29Q136,Elementary,545,,,,,0,,0
Queens,29,29,1,29Q138,K-8,713,1,,,,1,,1:713
Queens,29,29,1,29Q147,K-8,564,1,,,,1,,0
Queens,29,29,1,29Q156,Elementary,257,1,,,,1,,1:257
Queens,29,29,1,29Q176,Elementary,667,,,,,0,,0
Queens,29,29,1,29Q181,Elementary,333,1,,,,1,,1:333
Queens,29,29,1,29Q192,Junior High-Intermediate-Middle,469,1,,,,1,,1:469
Queens,29,29,1,29Q195,Elementary,532,,,,,0,,0
Queens,29,26,1,29Q208,K-8,712,3,,,,3,,1:237
Queens,29,29,1,29Q238,Junior High-Intermediate-Middle,1431,4,,,,4,,1:358
Queens,29,29,1,29Q243,High School,264,1,,,,1,,1:264
Queens,29,29,1,29Q248,High School,427,2,,,,2,,1:214
Queens,29,29,1,29Q251,Elementary,282,1,,,,1,,1:282
Queens,29,29,1,29Q259,Secondary School,546,,,,,0,,0
Queens,29,29,1,29Q265,High School,476,2,,,,2,,1:238
Queens,29,29,1,29Q268,K-8,569,1,,,,1,,1:569
Queens,29,29,1,29Q270,K-8,652,1,,,,1,,1:652
Queens,29,29,1,29Q272,High School,463,3,,,,3,,1:154
Queens,29,29,1,29Q283,Secondary School,545,3,,,,3,,1:182
Queens,29,29,1,29Q289,Junior High-Intermediate-Middle,230,,,,,0,,0
Queens,29,29,1,29Q295,K-8,503,1,,,,1,,1:503
Queens,29,29,1,29Q313,High School,193,1,,,,1,,1:193
Queens,29,29,1,29Q326,High School,378,2,,,,2,,1:189
Queens,29,29,1,29Q327,Secondary School,456,3,,,,3,,1:114
Queens,29,29,1,29Q355,Junior High-Intermediate-Middle,378,1,,1,1,2,Yes,1:378
Queens,29,29,1,29Q356,Junior High-Intermediate-Middle,345,1,,1,1,2,Yes,1:345
Queens,29,29,1,29Q360,Elementary,56,,,,,0,,0
Queens,29,29,1,29Q492,High School,399,2,,,,2,,1:200
Queens,29,29,1,29Q494,High School,39,,,,,0,,0
Queens,29,29,1,29Q496,High School,25,,,,,0,,0
Queens,29,29,1,29Q498,High School,449,2,,,,2,,1:225
Queens,30,30,2,30Q002,Elementary,566,1,,,,1,,1:566
Queens,30,30,2,30Q010,Junior High-Intermediate-Middle,766,2,,,,2,Yes,1:383
Queens,30,30,2,30Q011,Elementary,1148,,,,,0,,0
Queens,30,30,2,30Q017,Elementary,505,,,,,0,,0
Queens,30,30,2,30Q069,Elementary,1000,,,,,0,,0
Queens,30,30,2,30Q070,Elementary,844,,,,,0,,0
Queens,30,30,2,30Q076,Elementary,464,1,,,,1,,1:464
Queens,30,30,2,30Q078,K-8,520,2,,,,2,,1:520
Queens,30,30,2,30Q084,Elementary,271,,,,,0,,0
Queens,30,30,2,30Q085,Elementary,504,,,,,0,,0
Queens,30,30,2,30Q092,Elementary,813,,,,,0,,0
Queens,30,30,2,30Q111,K-8,251,,,,,0,,0
Queens,30,30,2,30Q112,Elementary,424,1,,,,1,,1:424
Queens,30,30,2,30Q122,K-8,1321,4,,,,4,,1:330
Queens,30,30,2,30Q126,Junior High-Intermediate-Middle,563,2,,,,2,,1:282
Queens,30,30,2,30Q127,K-8,1224,3,,,,3,,1:408
Queens,30,30,2,30Q141,Junior High-Intermediate-Middle,1131,4,,,,4,,1:283
Queens,30,30,2,30Q145,Junior High-Intermediate-Middle,1882,4,,,,4,,1:471
Queens,30,30,2,30Q148,Elementary,924,,,,,0,,0
Queens,30,30,2,30Q149,Elementary,1149,2,,,,2,,1:575
Queens,30,30,2,30Q150,Elementary,1076,2,,,,2,,1:538
Queens,30,30,2,30Q151,Elementary,354,1,,,,1,,1:354
Queens,30,30,2,30Q152,Elementary,1181,1,,,,1,,1:1181
Queens,30,30,2,30Q166,Elementary,1113,2,,,,2,,1:557
Queens,30,30,2,30Q171,Elementary,446,,,,,0,,0
Queens,30,30,2,30Q204,Junior High-Intermediate-Middle,466,2,,,,2,,1:233
Queens,30,30,2,30Q212,Elementary,761,1,,,,1,,1:761
Queens,30,30,2,30Q222,Early Childhood,244,1,,,,1,,1:244
Queens,30,30,2,30Q227,Junior High-Intermediate-Middle,1558,3,,,,3,,1:519
Queens,30,30,2,30Q228,Early Childhood,290,,,,,0,,0
Queens,30,30,2,30Q230,Junior High-Intermediate-Middle,1167,4,,,,4,,1:292
Queens,30,30,2,30Q234,Elementary,548,,,,,0,,0
Queens,30,30,2,30Q235,Junior High-Intermediate-Middle,134,1,,,,1,,1:134
Queens,30,30,2,30Q258,High School,327,2,,,,2,,1:164
Queens,30,30,2,30Q280,Elementary,687,2,,,,2,,1:344
Queens,30,30,2,30Q286,Secondary School,552,2,,,,2,,1:276
Queens,30,30,2,30Q291,Junior High-Intermediate-Middle,366,1,,,,1,,1:183
Queens,30,30,2,30Q301,High School,535,1,,,,1,,1:535
Queens,30,30,2,30Q329,Elementary,231,,,,,0,,0
Queens,30,30,2,30Q361,Elementary,70,,,,,0,,0
Queens,30,30,2,30Q445,High School,2238,10,,,,10,,1:224
Queens,30,30,2,30Q450,High School,1854,9,,,,9,,1:206
Queens,30,30,2,30Q501,High School,817,3,,,,3,,1:272
Queens,30,30,2,30Q502,High School,908,5,,,,5,,1:151
Queens,30,30,2,30Q555,High School,814,5,,,,5,,1:163
Queens,30,30,2,30Q575,High School,874,4,,,,4,,1:219
Queens,30,30,2,30Q580,Secondary School,484,2,,,,2,,1:242
Staten Island,31,31,1,31R001,Elementary,450,1,,,,1,,1:450
Staten Island,31,31,1,31R002,Junior High-Intermediate-Middle,793,2,,,,2,,1:397
Staten Island,31,31,1,31R003,Elementary,851,1,,,,1,,0
Staten Island,31,31,1,31R004,Elementary,697,,,,,0,,0
Staten Island,31,31,1,31R005,Elementary,256,,,,,0,,0
Staten Island,31,31,1,31R006,Elementary,585,,,,,0,,0
Staten Island,31,31,1,31R007,Junior High-Intermediate-Middle,1180,2,,,,2,,1:590
Staten Island,31,31,1,31R008,Elementary,532,,,,,0,,0
Staten Island,31,31,1,31R009,Elementary,176,1,,,,1,,1:176
Staten Island,31,31,1,31R010,Elementary,86,,,,,0,,0
Staten Island,31,31,1,31R011,Elementary,241,,,,,0,,0
Staten Island,31,31,1,31R013,Elementary,802,1,,,,1,,1:802
Staten Island,31,31,1,31R016,Elementary,525,1,,,,1,,1:525
Staten Island,31,31,1,31R018,Elementary,543,,,,,0,,0
Staten Island,31,31,1,31R019,Elementary,592,,,,,0,,0
Staten Island,31,31,1,31R020,Elementary,478,,,,,0,,0
Staten Island,31,31,1,31R021,Elementary,380,,,,,0,,0
Staten Island,31,31,1,31R022,Elementary,976,1,,,,1,,1:976
Staten Island,31,31,1,31R023,Elementary,474,,,,,0,,0
Staten Island,31,31,1,31R024,Junior High-Intermediate-Middle,1272,4,,,,4,,1:318
Staten Island,31,31,1,31R026,Elementary,204,,,,,0,,0
Staten Island,31,31,1,31R027,Junior High-Intermediate-Middle,991,5,,,,5,,1:198
Staten Island,31,31,1,31R028,Secondary School,123,1,,,,1,,1:123
Staten Island,31,31,1,31R029,Elementary,662,,,,,0,,0
Staten Island,31,31,1,31R030,Elementary,752,,,,,0,,0
Staten Island,31,31,1,31R031,Elementary,376,1,,,,1,,1:376
Staten Island,31,31,1,31R032,Elementary,628,,,,,0,,0
Staten Island,31,31,1,31R034,Junior High-Intermediate-Middle,1161,2,,,,2,,1:581
Staten Island,31,31,1,31R035,Elementary,365,,,,,0,,0
Staten Island,31,31,1,31R036,Elementary,825,,,,,0,,0
Staten Island,31,31,1,31R038,Elementary,323,,,,,0,,0
Staten Island,31,31,1,31R039,Elementary,477,1,,,,1,,1:477
Staten Island,31,31,1,31R041,Elementary,633,1,,,,1,,1:633
Staten Island,31,31,1,31R042,Elementary,904,,,,,0,,0
Staten Island,31,31,1,31R044,Elementary,835,1,,,,1,,0
Staten Island,31,31,1,31R045,Elementary,813,,,,,0,,0
Staten Island,31,31,1,31R046,Elementary,268,1,,,,1,,1:268
Staten Island,31,31,1,31R047,High School,488,2,,,,2,,1:244
Staten Island,31,31,1,31R048,K-8,920,3,,,,3,,1:307
Staten Island,31,31,1,31R049,Junior High-Intermediate-Middle,724,3,,,,3,,1:241
Staten Island,31,31,1,31R050,Elementary,785,,,,,0,,0
Staten Island,31,31,1,31R051,Junior High-Intermediate-Middle,1224,3,,,,3,,1:408
Staten Island,31,31,1,31R052,Elementary,446,1,,,,1,,1:446
Staten Island,31,31,1,31R053,Elementary,676,,,,,0,,0
Staten Island,31,31,1,31R054,Elementary,690,,,,,0,,0
Staten Island,31,31,1,31R055,Elementary,593,,,,,0,,0
Staten Island,31,31,1,31R056,Elementary,575,,,,,0,,0
Staten Island,31,31,1,31R057,Elementary,606,,,,,0,,0
Staten Island,31,31,1,31R058,Elementary,717,1,,,,1,,1:717
Staten Island,31,31,1,31R059,Elementary,130,1,,,,1,,1:130
Staten Island,31,31,1,31R060,Elementary,857,,,,,0,,0
Staten Island,31,31,1,31R061,Junior High-Intermediate-Middle,1069,4,,,,4,,1:267
Staten Island,31,31,1,31R062,Elementary,56,,,,,0,,0
Staten Island,31,31,1,31R063,Junior High-Intermediate-Middle,436,3,,,,3,,1:145
Staten Island,31,31,1,31R064,High School,432,3,,,,3,,1:144
Staten Island,31,31,1,31R065,Elementary,359,,,,,0,,0
Staten Island,31,31,1,31R069,Elementary,910,1,,,,1,,1:910
Staten Island,31,31,1,31R072,Junior High-Intermediate-Middle,1289,4,,,,4,,1:322
Staten Island,31,31,1,31R074,Elementary,298,,,,,0,,0
Staten Island,31,31,1,31R075,Junior High-Intermediate-Middle,1365,6,,,,6,,1:273
Staten Island,31,31,1,31R078,Elementary,726,1,,,,1,,1:726
Staten Island,31,31,1,31R080,K-12 All Grades,1276,3,,,,3,,1:425
Staten Island,31,31,1,31R440,High School,2742,10,,,,10,,1:249
Staten Island,31,31,1,31R445,High School,1369,6,,,,6,,1:228
Staten Island,31,31,1,31R450,High School,2325,10,,,,10,,1:258
Staten Island,31,31,1,31R455,High School,3789,17,,,,17,,1:223
Staten Island,31,31,1,31R460,High School,3258,14,,,,14,,1:233
Staten Island,31,31,1,31R470,High School,104,1,,,,1,,1:104
Staten Island,31,31,1,31R600,High School,630,3,,,,3,,1:210
Staten Island,31,31,1,31R605,High School,1274,6,,,,6,,1:212
Staten Island,31,31,1,31R861,K-8,861,2,,,,2,,1:431
Brooklyn,32,32,2,32K045,K-8,679,,,,,0,,0
Brooklyn,32,32,2,32K075,Elementary,377,,,,,0,,0
Brooklyn,32,32,2,32K086,Elementary,402,,,,,0,,0
Brooklyn,32,32,2,32K106,Elementary,445,,,,,0,,0
Brooklyn,32,32,2,32K116,Elementary,495,,,,,0,,0
Brooklyn,32,32,2,32K123,Elementary,678,1,,,,1,,1:678
Brooklyn,32,32,2,32K145,Elementary,638,,,,,0,,0
Brooklyn,32,32,2,32K151,Elementary,270,1,,,,1,,1:270
Brooklyn,32,32,2,32K162,Junior High-Intermediate-Middle,452,1,,,,1,,1:452
Brooklyn,32,32,2,32K168,High School,252,1,,,,1,,1:252
Brooklyn,32,32,2,32K274,Elementary,450,1,,,,1,,1:450
Brooklyn,32,32,2,32K291,Junior High-Intermediate-Middle,323,1,,,,1,,1:323
Brooklyn,32,32,2,32K299,Elementary,259,,,,,0,,0
Brooklyn,32,32,2,32K347,Junior High-Intermediate-Middle,287,1,,,,1,Yes,1:287
Brooklyn,32,32,2,32K349,Junior High-Intermediate-Middle,291,1,,,,1,Yes,1:291
Brooklyn,32,32,2,32K376,Elementary,550,,,,,0,,0
Brooklyn,32,32,2,32K377,K-8,385,1,,,,1,,1:385
Brooklyn,32,32,2,32K383,Junior High-Intermediate-Middle,936,2,,,,2,,1:468
Brooklyn,32,32,2,32K384,K-8,584,,,,,0,,0
Brooklyn,32,32,2,32K403,High School,281,2,,,,2,,1:141
Brooklyn,32,32,2,32K545,High School,498,2,,,,2,,1:249
Brooklyn,32,32,2,32K549,High School,345,2,,,,2,,1:173
Brooklyn,32,32,2,32K552,High School,200,1,,,,1,,1:200
Brooklyn,32,32,2,32K554,Secondary School,379,,,,,0,,0
Brooklyn,32,32,2,32K556,High School,261,2,,,,2,,1:131
Brooklyn,32,32,2,32K562,Junior High-Intermediate-Middle,279,2,,,,2,,1:140
Brooklyn,32,32,2,32K564,High School,165,1,,,,1,,1:165
Brooklyn,75,19,1,75K004,Elementary,317,8,,,,8,,1:40
Brooklyn,75,19,1,75K036,K-12 All Grades,232,3,,,,3,,1:77
Brooklyn,75,15,3,75K053,K-12 All Grades,435,5,,,,5,,1:87
Brooklyn,75,22,2,75K077,K-12 All Grades,277,3,,,,3,,1:92
Brooklyn,75,13,2,75K140,K-8,240,3,,,,3,,1:60
Brooklyn,75,17,1,75K141,K-12 All Grades,346,3,,,,3,,1:115
Brooklyn,75,20,3,75K231,K-8,326,5,,,,5,,1:65
Brooklyn,75,14,2,75K368,K-12 All Grades,184,3,,,,3,,1:61
Brooklyn,75,15,3,75K369,K-12 All Grades,606,4,,,,4,,1:152
Brooklyn,75,21,2,75K370,K-12 All Grades,221,4,,,,4,,1:55
Brooklyn,75,15,3,75K371,High School,209,2,,,,2,,1:209
Brooklyn,75,15,3,75K372,Elementary,205,1,,,,1,,1:205
Brooklyn,75,14,2,75K373,High School,357,2,,,,2,,1:179
Brooklyn,75,23,3,75K396,K-8,288,2,,,,2,,1:144
Brooklyn,75,21,2,75K721,High School,508,4,,,,4,,1:102
Brooklyn,75,13,2,75K753,High School,146,3,,,,3,,1:49
Brooklyn,75,21,2,75K771,K-12 All Grades,411,7,,,,7,,1:59
Brooklyn,75,22,2,75K811,Secondary School,306,3,,,,3,,1:102
Manhattan,75,2,3,75M035,K-12 All Grades,175,4,,,,4,,1:44
Manhattan,75,5,2,75M079,Secondary School,253,2,,,,2,,1:127
Manhattan,75,2,3,75M094,K-12 All Grades,364,1,,,,1,,1:182
Manhattan,75,5,2,75M138,K-12 All Grades,580,2,,,,2,,1:290
Manhattan,75,2,3,75M169,K-12 All Grades,314,1,,,,1,,1:314
Manhattan,75,2,3,75M226,K-12 All Grades,237,4,,,,4,,1:59
Manhattan,75,8,1,75M401,K-12 All Grades,22,1,,,,1,,1:22
Manhattan,75,2,3,75M501,K-12 All Grades,56,,,,,0,,0
Manhattan,75,2,3,75M721,Secondary School,172,3,,,,3,,1:57
Manhattan,75,1,2,75M751,High School,156,2,,,,2,,1:78
Manhattan,75,3,2,75M811,K-8,315,3,,,,3,,1:105
Queens,75,26,2,75Q004,K-8,375,4,,,,4,,1:94
Queens,75,24,3,75Q009,K-8,594,6,,,,6,,1:99
Queens,75,26,2,75Q023,K-12 All Grades,188,4,,,,4,,1:38
Queens,75,24,3,75Q075,K-8,501,7,,,,7,,1:72
Queens,75,26,2,75Q177,K-12 All Grades,471,5,,,,5,,1:118
Queens,75,26,2,75Q224,K-8,333,5,,,,5,,1:67
Queens,75,28,3,75Q233,K-12 All Grades,411,3,,,,3,,1:137
Queens,75,25,1,75Q255,K-12 All Grades,401,9,,,,9,,1:50
Queens,75,0,3,75Q256,K-12 All Grades,384,6,,,,6,,1:64
Queens,75,30,2,75Q277,K-12 All Grades,192,4,,,,4,,1:38
Queens,75,24,3,75Q721,High School,463,4,,,,4,,1:116
Queens,75,28,3,75Q752,High School,301,4,,,,4,,1:75
Queens,75,26,2,75Q811,K-12 All Grades,397,6,,,,6,,1:99
Queens,75,26,2,75Q993,K-12 All Grades,514,4,,,,4,,1:129
Staten Island,75,31,1,75R025,K-12 All Grades,450,2,,,,2,,1:225
Staten Island,75,31,1,75R037,K-12 All Grades,352,4,,,,4,,1:88
Staten Island,75,31,1,75R373,K-8,455,2,,,,2,,1:228
Staten Island,75,31,1,75R721,Secondary School,412,5,,,,5,,1:82
Bronx,75,8,1,75X010,K-12 All Grades,473,10,,,,10,,1:47
Bronx,75,11,3,75X012,Secondary School,235,2,,,,2,,1:118
Bronx,75,7,2,75X017,K-8,389,3,,,,3,,1:130
Bronx,75,7,2,75X168,K-12 All Grades,434,4,,,,4,,1:145
Bronx,75,11,3,75X176,K-12 All Grades,801,9,,,,9,,1:89
Bronx,75,12,2,75X186,K-12 All Grades,571,5,,,,5,,1:114
Bronx,75,10,3,75X188,K-12 All Grades,414,5,,,,5,,1:83
Bronx,75,12,2,75X352,K-8,492,3,,,,3,,1:164
Bronx,75,10,3,75X469,Elementary,186,3,,,,3,,1:62
Bronx,75,11,3,75X721,High School,526,2,,,,2,,1:263
Bronx,75,11,3,75X723,K-12 All Grades,393,2,,,,2,,1:197
Bronx,75,7,2,75X754,High School,392,7,,,,7,,1:56
Bronx,75,12,2,75X811,Secondary School,599,3,,,,3,,1:200
